Duration,Source Port,Destination Port,Protocol,Flags,Packets,Bytes,Mean Payload Size,Std Payload Size,Min Payload Size,Max Payload Size,Mean Entropy,Min Entropy,Max Entropy,Mean Inter-Packet Interval,Min Inter-Packet Interval,Max Inter-Packet Interval,Bytes per Packet,Packets per Second,Bytes per Second,Destination Common Port Usage,Flags Count,SYN Count,ACK Count,FIN Count,Is HTTP,Is Internal IP,Direction,Short Duration,Single Packet
1e-06,80,55320,DATA-TEXT-LINES,"PSH,ACK",1,521,521.0,0.0,521,521,3.3591274364279995,3.3591274364279995,3.3591274364279995,0.0,0.0,0.0,521.0,1000000.0,521000000.0,0,2,0,1,0,0,0,outbound,1,1
9.004255,58005,8080,TCP,SYN,3,134,44.66666666666666,1.8856180831641267,42,46,0.0,0.0,0.0,4.502127499996277,3.0058959999878425,5.998359000004712,44.66666666666666,0.3331758152118081,14.881853079460765,0,1,1,0,0,0,1,outbound,0,0
1e-06,8080,61507,HTTP,"PSH,ACK",1,173,173.0,0.0,173,173,3.3315959330209566,3.3315959330209566,3.3315959330209566,0.0,0.0,0.0,173.0,1000000.0,173000000.0,0,2,0,1,0,1,0,outbound,1,1
9.001773,56616,8080,TCP,SYN,3,134,44.66666666666666,1.8856180831641267,42,46,0.0,0.0,0.0,4.500886500114575,3.002826000098139,5.998947000131011,44.66666666666666,0.333267679600452,14.885956355486858,0,1,1,0,0,0,1,outbound,0,0
8.995301,60369,8080,TCP,SYN,3,134,44.66666666666666,1.8856180831641267,42,46,0.0,0.0,0.0,4.497650500154123,2.9965030001476407,5.998798000160605,44.66666666666666,0.3335074612845085,14.896666604041377,0,1,1,0,0,0,1,outbound,0,0
9.004494,50106,8080,TCP,SYN,3,134,44.66666666666666,1.8856180831641267,42,46,0.0,0.0,0.0,4.502246999996714,2.995303999981843,6.009190000011586,44.66666666666666,0.3331669719586687,14.881458080820533,0,1,1,0,0,0,1,outbound,0,0
8.996225,62050,8080,TCP,SYN,3,134,44.66666666666666,1.8856180831641267,42,46,0.0,0.0,0.0,4.498112499946728,2.997444000095129,5.998780999798328,44.66666666666666,0.3334732068173039,14.895136571172907,0,1,1,0,0,0,1,outbound,0,0
0.94141,52681,80,TCP,"FIN,SYN,PSH,ACK",5,438,87.6,101.30666315697108,34,290,0.6653685888303776,0.0,3.3268429441518883,0.2353524999925866,0.000135000096634,0.6006539999507368,87.6,5.3111821629258245,465.2595574723022,1,4,1,1,1,0,1,outbound,0,0
9.006376,65238,8080,TCP,SYN,3,134,44.66666666666666,1.8856180831641267,42,46,0.0,0.0,0.0,4.50318800000241,2.9981210000114515,6.008254999993369,44.66666666666666,0.3330973523645915,14.87834840561842,0,1,1,0,0,0,1,outbound,0,0
9.002332,65206,8080,TCP,SYN,3,134,44.66666666666666,1.8856180831641267,42,46,0.0,0.0,0.0,4.501166000030935,3.0041200001724064,5.998211999889463,44.66666666666666,0.3332469853366883,14.885032011705412,0,1,1,0,0,0,1,outbound,0,0
9.004129,60095,8080,TCP,SYN,3,134,44.66666666666666,1.8856180831641267,42,46,0.0,0.0,0.0,4.502064500004053,2.995305999997072,6.008823000011034,44.66666666666666,0.3331804775342512,14.88206132986322,0,1,1,0,0,0,1,outbound,0,0
8.992191,49802,8080,TCP,SYN,3,134,44.66666666666666,1.8856180831641267,42,46,0.0,0.0,0.0,4.496095499955118,2.9941400000825524,5.998050999827683,44.66666666666666,0.3336228067219657,14.901818700247803,0,1,1,0,0,0,1,outbound,0,0
8.996006,63048,8080,TCP,SYN,3,134,44.66666666666666,1.8856180831641267,42,46,0.0,0.0,0.0,4.498003000000608,2.997428999980912,5.998577000020305,44.66666666666666,0.3334813249346432,14.895499180414063,0,1,1,0,0,0,1,outbound,0,0
9.006446,61479,8080,TCP,SYN,3,134,44.66666666666666,1.8856180831641267,42,46,0.0,0.0,0.0,4.503222999992431,2.997715999983484,6.008730000001378,44.66666666666666,0.3330947634616362,14.878232767953085,0,1,1,0,0,0,1,outbound,0,0
8.99644,57294,8080,TCP,SYN,3,134,44.66666666666666,1.8856180831641267,42,46,0.0,0.0,0.0,4.498220000001311,2.9976129999995464,5.998827000003075,44.66666666666666,0.3334652373605559,14.894780602104833,0,1,1,0,0,0,1,outbound,0,0
8.995048,60596,8080,TCP,SYN,3,134,44.66666666666666,1.8856180831641267,42,46,0.0,0.0,0.0,4.4975240000057966,2.9970109999994747,5.998037000012118,44.66666666666666,0.3335168417111281,14.89708559643039,0,1,1,0,0,0,1,outbound,0,0
8.993144,62808,8080,TCP,SYN,3,134,44.66666666666666,1.8856180831641267,42,46,0.0,0.0,0.0,4.496571999974549,2.9941400000825524,5.999003999866545,44.66666666666666,0.3335874528418537,14.900239560269467,0,1,1,0,0,0,1,outbound,0,0
8.997924,54330,8080,TCP,SYN,3,134,44.66666666666666,1.8856180831641267,42,46,0.0,0.0,0.0,4.498961999997846,2.998972000001231,5.9989519999944605,44.66666666666666,0.3334102399620179,14.8923240516368,0,1,1,0,0,0,1,outbound,0,0
9.006806,53041,8080,TCP,SYN,3,134,44.66666666666666,1.8856180831641267,42,46,0.0,0.0,0.0,4.503402999998798,2.999098999993293,6.007707000004302,44.66666666666666,0.3330814497392305,14.8776380883523,0,1,1,0,0,0,1,outbound,0,0
8.991618,49730,8080,TCP,SYN,3,134,44.66666666666666,1.8856180831641267,42,46,0.0,0.0,0.0,4.4958089999854565,2.993547999765724,5.998070000205189,44.66666666666666,0.3336440671745618,14.902768333797097,0,1,1,0,0,0,1,outbound,0,0
9.003626,64902,8080,TCP,SYN,3,134,44.66666666666666,1.8856180831641267,42,46,0.0,0.0,0.0,4.501813000009861,3.005272999987937,5.998353000031784,44.66666666666666,0.3331990911217325,14.882892736770716,0,1,1,0,0,0,1,outbound,0,0
8.999117,52076,8080,TCP,SYN,3,134,44.66666666666666,1.8856180831641267,42,46,0.0,0.0,0.0,4.4995585000142455,3.000901999999769,5.998215000028722,44.66666666666666,0.3333660402459485,14.89034979765237,0,1,1,0,0,0,1,outbound,0,0
8.997139,49784,8080,TCP,SYN,3,134,44.66666666666666,1.8856180831641267,42,46,0.0,0.0,0.0,4.498569499999576,2.9990560000005644,5.998082999998587,44.66666666666666,0.3334393299914561,14.89362340628504,0,1,1,0,0,0,1,outbound,0,0
9.00425,63453,8080,TCP,SYN,3,134,44.66666666666666,1.8856180831641267,42,46,0.0,0.0,0.0,4.502124999999069,3.005555000010645,5.998694999987492,44.66666666666666,0.3331760002221173,14.881861343254572,0,1,1,0,0,0,1,outbound,0,0
1e-06,55334,8080,HTTP,"PSH,ACK",1,455,455.0,0.0,455,455,3.503353273843653,3.503353273843653,3.503353273843653,0.0,0.0,0.0,455.0,1000000.0,455000000.0,0,2,0,1,0,1,1,outbound,1,1
9.00011,52362,8080,TCP,SYN,3,134,44.66666666666666,1.8856180831641267,42,46,0.0,0.0,0.0,4.50005499998224,3.0019699999829754,5.998139999981504,44.66666666666666,0.3333292593090529,14.888706915804365,0,1,1,0,0,0,1,outbound,0,0
9.002318,53541,8080,TCP,SYN,3,134,44.66666666666666,1.8856180831641267,42,46,0.0,0.0,0.0,4.501158999999461,3.0037500000034925,5.99856799999543,44.66666666666666,0.3332475035874093,14.885055160237618,0,1,1,0,0,0,1,outbound,0,0
9.006569,53973,8080,TCP,SYN,3,134,44.66666666666666,1.8856180831641267,42,46,0.0,0.0,0.0,4.503284500002337,3.007892000008724,5.998676999995951,44.66666666666666,0.3330902144867818,14.878029580409589,0,1,1,0,0,0,1,outbound,0,0
8.995354,50704,8080,TCP,SYN,3,134,44.66666666666666,1.8856180831641267,42,46,0.0,0.0,0.0,4.497677000006661,2.99646499985829,5.998889000155032,44.66666666666666,0.3335054962817472,14.896578833918042,0,1,1,0,0,0,1,outbound,0,0
161.755471,56814,8080,TCP,"SYN,RST,ACK",5,182,36.4,4.8,34,46,0.0,0.0,0.0,40.43886774999555,0.4108450002968311,145.61717800004408,36.4,0.0309108555592533,1.1251551423568231,0,3,1,1,0,0,1,outbound,0,0
1e-06,49629,8080,HTTP,"PSH,ACK",1,456,456.0,0.0,456,456,3.511429264315944,3.511429264315944,3.511429264315944,0.0,0.0,0.0,456.0,1000000.0,456000000.0,0,2,0,1,0,1,1,outbound,1,1
9.003042,60182,8080,TCP,SYN,3,134,44.66666666666666,1.8856180831641267,42,46,0.0,0.0,0.0,4.501521000027424,3.004202000040096,5.998840000014752,44.66666666666666,0.3332207047351328,14.883858144835934,0,1,1,0,0,0,1,outbound,0,0
9.003312,50846,8080,TCP,SYN,3,134,44.66666666666666,1.8856180831641267,42,46,0.0,0.0,0.0,4.501656000036746,3.0046169999986887,5.998695000074804,44.66666666666666,0.3332107117913941,14.883411793348936,0,1,1,0,0,0,1,outbound,0,0
9.004425,65090,8080,TCP,SYN,3,134,44.66666666666666,1.8856180831641267,42,46,0.0,0.0,0.0,4.502212499995949,3.006318999978248,5.9981060000136495,44.66666666666666,0.3331695249835498,14.88157211593189,0,1,1,0,0,0,1,outbound,0,0
9.000853,55858,8080,TCP,SYN,3,134,44.66666666666666,1.8856180831641267,42,46,0.0,0.0,0.0,4.500426499987952,3.001737000013236,5.999115999962669,44.66666666666666,0.3333017437347327,14.88747788681806,0,1,1,0,0,0,1,outbound,0,0
9.006007,59799,8080,TCP,SYN,3,134,44.66666666666666,1.8856180831641267,42,46,0.0,0.0,0.0,4.50300349999452,3.0072199999995064,5.998786999989534,44.66666666666666,0.3331110002468352,14.878958011025308,0,1,1,0,0,0,1,outbound,0,0
8.999382,58917,8080,TCP,SYN,3,134,44.66666666666666,1.8856180831641267,42,46,0.0,0.0,0.0,4.499691000004532,3.000638000026811,5.998743999982253,44.66666666666666,0.3333562237940338,14.889911329466845,0,1,1,0,0,0,1,outbound,0,0
1e-06,52005,8080,HTTP,"PSH,ACK",1,456,456.0,0.0,456,456,3.514031686634381,3.514031686634381,3.514031686634381,0.0,0.0,0.0,456.0,1000000.0,456000000.0,0,2,0,1,0,1,1,outbound,1,1
8.997455,58453,8080,TCP,SYN,3,134,44.66666666666666,1.8856180831641267,42,46,0.0,0.0,0.0,4.498727500002133,2.999398999992991,5.998056000011275,44.66666666666666,0.3334276192545558,14.893100326703497,0,1,1,0,0,0,1,outbound,0,0
2298502.249301,50829,8080,HTTP,"PSH,ACK",2,912,456.0,0.0,456,456,3.522112561772187,3.515504791978149,3.528720331566225,2298502.249301,2298502.249301,2298502.249301,456.0,8.701318437292033e-07,0.0003967801207405,0,2,0,1,0,1,1,outbound,0,0
9.006862,62614,8080,TCP,SYN,3,134,44.66666666666666,1.8856180831641267,42,46,0.0,0.0,0.0,4.503431000019191,3.008212000015192,5.99865000002319,44.66666666666666,0.3330793788113996,14.87754558690918,0,1,1,0,0,0,1,outbound,0,0
9.000162,52780,8080,TCP,SYN,3,134,44.66666666666666,1.8856180831641267,42,46,0.0,0.0,0.0,4.500080999918282,2.991419000085444,6.008742999751121,44.66666666666666,0.3333273334413314,14.888620893712805,0,1,1,0,0,0,1,outbound,0,0
1e-06,8080,50601,DATA-TEXT-LINES,"PSH,ACK",1,352,352.0,0.0,352,352,3.497287892552748,3.497287892552748,3.497287892552748,0.0,0.0,0.0,352.0,1000000.0,352000000.0,0,2,0,1,0,0,0,outbound,1,1
8.998145,64239,8080,TCP,SYN,3,134,44.66666666666666,1.8856180831641267,42,46,0.0,0.0,0.0,4.499072500009788,2.9995920000365004,5.998552999983076,44.66666666666666,0.333402051200553,14.891958286958037,0,1,1,0,0,0,1,outbound,0,0
8.995264,65218,8080,TCP,SYN,3,134,44.66666666666666,1.8856180831641267,42,46,0.0,0.0,0.0,4.49763200012967,2.9972270000725985,5.998037000186741,44.66666666666666,0.333508833092614,14.89672787813676,0,1,1,0,0,0,1,outbound,0,0
9.0034,57725,8080,TCP,SYN,3,134,44.66666666666666,1.8856180831641267,42,46,0.0,0.0,0.0,4.501700000022538,3.00495700002648,5.998443000018597,44.66666666666666,0.333207454961459,14.883266321611837,0,1,1,0,0,0,1,outbound,0,0
9.000092,55392,8080,TCP,SYN,3,134,44.66666666666666,1.8856180831641267,42,46,0.0,0.0,0.0,4.500046000001021,3.001451000003726,5.998640999998315,44.66666666666666,0.3333299259607568,14.888736692913804,0,1,1,0,0,0,1,outbound,0,0
9.000707,52417,8080,TCP,SYN,3,134,44.66666666666666,1.8856180831641267,42,46,0.0,0.0,0.0,4.500353499999619,3.001780999999028,5.9989260000002105,44.66666666666666,0.3333071502049783,14.887719375822366,0,1,1,0,0,0,1,outbound,0,0
1e-06,65310,8080,HTTP,"PSH,ACK",1,455,455.0,0.0,455,455,3.51503189821747,3.51503189821747,3.51503189821747,0.0,0.0,0.0,455.0,1000000.0,455000000.0,0,2,0,1,0,1,1,outbound,1,1
9.010072,50768,8080,TCP,SYN,3,134,44.66666666666666,1.8856180831641267,42,46,0.0,0.0,0.0,4.505036000000473,3.001486000001023,6.008585999999923,44.66666666666666,0.3329607132995164,14.872245194045066,0,1,1,0,0,0,1,outbound,0,0
9.004696,56876,8080,TCP,SYN,3,134,44.66666666666666,1.8856180831641267,42,46,0.0,0.0,0.0,4.502348000001803,3.0055259999935515,5.999170000010054,44.66666666666666,0.3331594981107635,14.88112424894744,0,1,1,0,0,0,1,outbound,0,0
1e-06,49653,8080,HTTP,"PSH,ACK",1,456,456.0,0.0,456,456,3.5217766186465806,3.5217766186465806,3.5217766186465806,0.0,0.0,0.0,456.0,1000000.0,456000000.0,0,2,0,1,0,1,1,outbound,1,1
8.999412,62934,8080,TCP,SYN,3,134,44.66666666666666,1.8856180831641267,42,46,0.0,0.0,0.0,4.499706000002334,3.0003319999959785,5.999080000008689,44.66666666666666,0.3333551125340189,14.889861693186178,0,1,1,0,0,0,1,outbound,0,0
9.0011,52718,8080,TCP,SYN,3,134,44.66666666666666,1.8856180831641267,42,46,0.0,0.0,0.0,4.50054999999702,3.001713999954518,5.999386000039522,44.66666666666666,0.3332925975714079,14.887069358189557,0,1,1,0,0,0,1,outbound,0,0
8.99862,55683,8080,TCP,SYN,3,134,44.66666666666666,1.8856180831641267,42,46,0.0,0.0,0.0,4.499310000013793,2.9996180000016466,5.999002000025939,44.66666666666666,0.3333844522826833,14.891172201959854,0,1,1,0,0,0,1,outbound,0,0
1e-06,50564,8080,HTTP,"PSH,ACK",1,455,455.0,0.0,455,455,3.516384395509382,3.516384395509382,3.516384395509382,0.0,0.0,0.0,455.0,1000000.0,455000000.0,0,2,0,1,0,1,1,outbound,1,1
9.016764,53123,8080,TCP,SYN,3,134,44.66666666666666,1.8856180831641267,42,46,0.0,0.0,0.0,4.508382000029087,3.008697000099346,6.008066999958828,44.66666666666666,0.3327135988032957,14.861207413213876,0,1,1,0,0,0,1,outbound,0,0
9.003427,58395,8080,TCP,SYN,3,134,44.66666666666666,1.8856180831641267,42,46,0.0,0.0,0.0,4.501713499979815,3.004806999990251,5.998619999969378,44.66666666666666,0.3332064557195832,14.88322168880805,0,1,1,0,0,0,1,outbound,0,0
1e-06,8080,63259,HTTP,"PSH,ACK",1,173,173.0,0.0,173,173,3.3470887400226075,3.3470887400226075,3.3470887400226075,0.0,0.0,0.0,173.0,1000000.0,173000000.0,0,2,0,1,0,1,0,outbound,1,1
1e-06,49330,8080,TCP,SYN,1,46,46.0,0.0,46,46,0.0,0.0,0.0,0.0,0.0,0.0,46.0,1000000.0,46000000.0,0,1,1,0,0,0,1,outbound,1,1
9.006194,50677,8080,TCP,SYN,3,134,44.66666666666666,1.8856180831641267,42,46,0.0,0.0,0.0,4.503097000000707,3.008107999998174,5.998086000003241,44.66666666666666,0.3331040837006175,14.878649071960918,0,1,1,0,0,0,1,outbound,0,0
9.000037,63074,8080,TCP,SYN,3,134,44.66666666666666,1.8856180831641267,42,46,0.0,0.0,0.0,4.500018500024453,3.0018179998733103,5.998219000175595,44.66666666666666,0.3333319629685967,14.888827679263985,0,1,1,0,0,0,1,outbound,0,0
8.993953,55358,8080,TCP,SYN,3,134,44.66666666666666,1.8856180831641267,42,46,0.0,0.0,0.0,4.496976500027813,2.995836000016425,5.998117000039201,44.66666666666666,0.3335574468756953,14.898899293781056,0,1,1,0,0,0,1,outbound,0,0
9.000692,63461,8080,TCP,SYN,3,134,44.66666666666666,1.8856180831641267,42,46,0.0,0.0,0.0,4.500345999986166,3.002072000002954,5.998619999969378,44.66666666666666,0.3333077056741859,14.887744186780305,0,1,1,0,0,0,1,outbound,0,0
1e-06,57798,8080,HTTP,"PSH,ACK",1,455,455.0,0.0,455,455,3.53443814178423,3.53443814178423,3.53443814178423,0.0,0.0,0.0,455.0,1000000.0,455000000.0,0,2,0,1,0,1,1,outbound,1,1
9.004959,49647,8080,TCP,SYN,3,134,44.66666666666666,1.8856180831641267,42,46,0.0,0.0,0.0,4.502479499999936,3.006683000000521,5.998275999999351,44.66666666666666,0.3331497678112693,14.880689628903363,0,1,1,0,0,0,1,outbound,0,0
9.0019,57761,8080,TCP,SYN,3,134,44.66666666666666,1.8856180831641267,42,46,0.0,0.0,0.0,4.500949999986915,3.0029559999820776,5.998943999991752,44.66666666666666,0.3332629778157945,14.88574634243882,0,1,1,0,0,0,1,outbound,0,0
1e-06,60427,8080,HTTP,"PSH,ACK",1,456,456.0,0.0,456,456,3.5258593619594154,3.5258593619594154,3.5258593619594154,0.0,0.0,0.0,456.0,1000000.0,456000000.0,0,2,0,1,0,1,1,outbound,1,1
0.225109,50649,80,TCP,"FIN,SYN,PSH,ACK",5,423,84.6,95.31337786480972,34,275,0.6655647847224476,0.0,3.327823923612238,0.0562772499979473,0.0001320000737905,0.1129359998740255,84.6,22.211462002851952,1879.0896854412752,1,4,1,1,1,0,1,outbound,0,0
153.483651,51416,8080,TCP,"SYN,RST,ACK",4,148,37.0,5.196152422706632,34,46,0.0,0.0,0.0,51.16121700002501,1.2082889997400343,150.6926130000502,37.0,0.0260614076739678,0.9642720839368096,0,3,1,1,0,0,1,outbound,0,0
8.992531,58411,8080,TCP,SYN,3,134,44.66666666666666,1.8856180831641267,42,46,0.0,0.0,0.0,4.496265500085428,2.9937980002723634,5.998732999898493,44.66666666666666,0.3336101927254963,14.901255275072169,0,1,1,0,0,0,1,outbound,0,0
9.006609,53859,8080,TCP,SYN,3,134,44.66666666666666,1.8856180831641267,42,46,0.0,0.0,0.0,4.503304500001832,3.00802300000214,5.998586000001524,44.66666666666666,0.3330887351721386,14.877963504355526,0,1,1,0,0,0,1,outbound,0,0
9.005649,53254,8080,TCP,SYN,3,134,44.66666666666666,1.8856180831641267,42,46,0.0,0.0,0.0,4.502824499999406,3.007237999991048,5.998411000007764,44.66666666666666,0.3331242423505513,14.879549491657958,0,1,1,0,0,0,1,outbound,0,0
8.997686,64127,8080,TCP,SYN,3,134,44.66666666666666,1.8856180831641267,42,46,0.0,0.0,0.0,4.498842999979388,2.999322999967262,5.998362999991514,44.66666666666666,0.3334190590780785,14.892717972154172,0,1,1,0,0,0,1,outbound,0,0
1e-06,56179,8080,TCP,SYN,1,46,46.0,0.0,46,46,0.0,0.0,0.0,0.0,0.0,0.0,46.0,1000000.0,46000000.0,0,1,1,0,0,0,1,outbound,1,1
8.999169,64882,8080,TCP,SYN,3,134,44.66666666666666,1.8856180831641267,42,46,0.0,0.0,0.0,4.499584499979392,3.0011100000701845,5.998058999888599,44.66666666666666,0.3333641139531883,14.890263756575743,0,1,1,0,0,0,1,outbound,0,0
8.993522,51893,8080,TCP,SYN,3,134,44.66666666666666,1.8856180831641267,42,46,0.0,0.0,0.0,4.4967609999876,2.994766000017989,5.998755999957211,44.66666666666666,0.3335734320769994,14.899613299439308,0,1,1,0,0,0,1,outbound,0,0
1e-06,56805,8080,HTTP,"PSH,ACK",1,456,456.0,0.0,456,456,3.520192046065998,3.520192046065998,3.520192046065998,0.0,0.0,0.0,456.0,1000000.0,456000000.0,0,2,0,1,0,1,1,outbound,1,1
1e-06,50333,8080,HTTP,"PSH,ACK",1,456,456.0,0.0,456,456,3.508514916383896,3.508514916383896,3.508514916383896,0.0,0.0,0.0,456.0,1000000.0,456000000.0,0,2,0,1,0,1,1,outbound,1,1
1e-06,55328,8080,HTTP,"PSH,ACK",1,455,455.0,0.0,455,455,3.513815517438519,3.513815517438519,3.513815517438519,0.0,0.0,0.0,455.0,1000000.0,455000000.0,0,2,0,1,0,1,1,outbound,1,1
9.002891,59760,8080,TCP,SYN,3,134,44.66666666666666,1.8856180831641267,42,46,0.0,0.0,0.0,4.501445500005502,3.004006000002846,5.998885000008158,44.66666666666666,0.3332262936427865,14.884107782711132,0,1,1,0,0,0,1,outbound,0,0
1e-06,8080,54237,HTTP,"PSH,ACK",1,173,173.0,0.0,173,173,3.3296771812890804,3.3296771812890804,3.3296771812890804,0.0,0.0,0.0,173.0,1000000.0,173000000.0,0,2,0,1,0,1,0,outbound,1,1
9.002114,62937,8080,TCP,SYN,3,134,44.66666666666666,1.8856180831641267,42,46,0.0,0.0,0.0,4.50105700000131,3.003380000009201,5.998733999993419,44.66666666666666,0.3332550554236482,14.885392475589622,0,1,1,0,0,0,1,outbound,0,0
8.998928,61581,8080,TCP,SYN,3,134,44.66666666666666,1.8856180831641267,42,46,0.0,0.0,0.0,4.499463999993168,3.000130000000354,5.998797999985982,44.66666666666666,0.3333730417667527,14.890662532248289,0,1,1,0,0,0,1,outbound,0,0
8.992473,60939,8080,TCP,SYN,3,134,44.66666666666666,1.8856180831641267,42,46,0.0,0.0,0.0,4.496236500010127,2.993787000013981,5.998686000006273,44.66666666666666,0.3336123444574145,14.901351385764515,0,1,1,0,0,0,1,outbound,0,0
151.892626,60750,8080,TCP,"SYN,RST,ACK",5,182,36.4,4.8,34,46,0.0,0.0,0.0,37.97315650002565,0.3172229998745024,135.89822400035337,36.4,0.0329179903703817,1.1982148494818965,0,3,1,1,0,0,1,outbound,0,0
1e-06,58098,8080,HTTP,"PSH,ACK",1,455,455.0,0.0,455,455,3.5193828851353106,3.5193828851353106,3.5193828851353106,0.0,0.0,0.0,455.0,1000000.0,455000000.0,0,2,0,1,0,1,1,outbound,1,1
9.0137,63891,8080,TCP,SYN,3,134,44.66666666666666,1.8856180831641267,42,46,0.0,0.0,0.0,4.506850000005215,3.0050150000024587,6.008685000007972,44.66666666666666,0.3328266971387998,14.866259138866392,0,1,1,0,0,0,1,outbound,0,0
9.000377,60743,8080,TCP,SYN,3,134,44.66666666666666,1.8856180831641267,42,46,0.0,0.0,0.0,4.500188500009244,3.0022510000271723,5.998125999991316,44.66666666666666,0.3333193709552389,14.888265236000668,0,1,1,0,0,0,1,outbound,0,0
8.999269,53836,8080,TCP,SYN,3,134,44.66666666666666,1.8856180831641267,42,46,0.0,0.0,0.0,4.499634500127286,3.001023999881,5.998245000373572,44.66666666666666,0.3333604096066025,14.89009829576158,0,1,1,0,0,0,1,outbound,0,0
9.018083,56378,8080,TCP,SYN,3,134,44.66666666666666,1.8856180831641267,42,46,0.0,0.0,0.0,4.509041500044987,3.009091999847442,6.008991000242531,44.66666666666666,0.3326649355522675,14.859033788001284,0,1,1,0,0,0,1,outbound,0,0
1e-06,50473,8080,HTTP,"PSH,ACK",1,456,456.0,0.0,456,456,3.503129899398,3.503129899398,3.503129899398,0.0,0.0,0.0,456.0,1000000.0,456000000.0,0,2,0,1,0,1,1,outbound,1,1
1e-06,8080,53744,DATA-TEXT-LINES,"PSH,ACK",1,752,752.0,0.0,752,752,3.275650926651384,3.275650926651384,3.275650926651384,0.0,0.0,0.0,752.0,1000000.0,752000000.0,0,2,0,1,0,0,0,outbound,1,1
1e-06,8080,56490,DATA-TEXT-LINES,"PSH,ACK",1,752,752.0,0.0,752,752,3.274888931147764,3.274888931147764,3.274888931147764,0.0,0.0,0.0,752.0,1000000.0,752000000.0,0,2,0,1,0,0,0,outbound,1,1
9.004616,61191,8080,TCP,SYN,3,134,44.66666666666666,1.8856180831641267,42,46,0.0,0.0,0.0,4.502307999995537,3.0055210000136867,5.999094999977388,44.66666666666666,0.3331624580104249,14.881256457798978,0,1,1,0,0,0,1,outbound,0,0
9.009015,57258,8080,TCP,SYN,3,134,44.66666666666666,1.8856180831641267,42,46,0.0,0.0,0.0,4.504507500001637,2.9997049999947194,6.009310000008554,44.66666666666666,0.3329997785551473,14.873990108796578,0,1,1,0,0,0,1,outbound,0,0
8.999386,65258,8080,TCP,SYN,3,134,44.66666666666666,1.8856180831641267,42,46,0.0,0.0,0.0,4.499692999990657,3.00024600001052,5.999139999970794,44.66666666666666,0.3333560756256038,14.889904711276971,0,1,1,0,0,0,1,outbound,0,0
1e-06,8080,50925,DATA-TEXT-LINES,"PSH,ACK",1,421,421.0,0.0,421,421,3.5373454797249884,3.5373454797249884,3.5373454797249884,0.0,0.0,0.0,421.0,1000000.0,421000000.0,0,2,0,1,0,0,0,outbound,1,1
8.994646,59367,8080,TCP,SYN,3,134,44.66666666666666,1.8856180831641267,42,46,0.0,0.0,0.0,4.4973230000032345,2.9968749999825377,5.997771000023931,44.66666666666666,0.3335317476641104,14.8977513956636,0,1,1,0,0,0,1,outbound,0,0
9.007137,52554,8080,TCP,SYN,3,134,44.66666666666666,1.8856180831641267,42,46,0.0,0.0,0.0,4.503568500000256,3.008935999998357,5.998201000002155,44.66666666666666,0.3330692094502392,14.87709135544402,0,1,1,0,0,0,1,outbound,0,0
9.001237,50195,8080,TCP,SYN,3,134,44.66666666666666,1.8856180831641267,42,46,0.0,0.0,0.0,4.500618499994744,3.0024589999811724,5.998778000008315,44.66666666666666,0.3332875248146449,14.88684277505414,0,1,1,0,0,0,1,outbound,0,0
9.001163,63248,8080,TCP,SYN,3,134,44.66666666666666,1.8856180831641267,42,46,0.0,0.0,0.0,4.500581500004046,3.002451000007568,5.998712000000523,44.66666666666666,0.3332902648246676,14.886965162168488,0,1,1,0,0,0,1,outbound,0,0
9.002775,62604,8080,TCP,SYN,3,134,44.66666666666666,1.8856180831641267,42,46,0.0,0.0,0.0,4.501387499971315,3.003958999644965,5.998816000297666,44.66666666666666,0.3332305872356023,14.88429956319024,0,1,1,0,0,0,1,outbound,0,0
8.999584,61536,8080,TCP,SYN,3,134,44.66666666666666,1.8856180831641267,42,46,0.0,0.0,0.0,4.499792000046,3.001068000216037,5.998515999875963,44.66666666666666,0.3333487414529382,14.889577118231244,0,1,1,0,0,0,1,outbound,0,0
1e-06,8080,55330,DATA-TEXT-LINES,"PSH,ACK",1,424,424.0,0.0,424,424,3.53966359958146,3.53966359958146,3.53966359958146,0.0,0.0,0.0,424.0,1000000.0,424000000.0,0,2,0,1,0,0,0,outbound,1,1
1e-06,49927,8080,HTTP,"PSH,ACK",1,455,455.0,0.0,455,455,3.5178745321855374,3.5178745321855374,3.5178745321855374,0.0,0.0,0.0,455.0,1000000.0,455000000.0,0,2,0,1,0,1,1,outbound,1,1
9.010138,63219,8080,TCP,SYN,3,134,44.66666666666666,1.8856180831641267,42,46,0.0,0.0,0.0,4.50506899994798,3.000827000010758,6.0093109998852015,44.66666666666666,0.3329582743349769,14.872136253628968,0,1,1,0,0,0,1,outbound,0,0
1e-06,56205,8080,HTTP,"PSH,ACK",1,456,456.0,0.0,456,456,3.5033930778694904,3.5033930778694904,3.5033930778694904,0.0,0.0,0.0,456.0,1000000.0,456000000.0,0,2,0,1,0,1,1,outbound,1,1
8.999909,52985,8080,TCP,SYN,3,134,44.66666666666666,1.8856180831641267,42,46,0.0,0.0,0.0,4.4999545000027865,3.001165000256151,5.998743999749422,44.66666666666666,0.3333367037377822,14.88903943362094,0,1,1,0,0,0,1,outbound,0,0
1e-06,8080,57774,DATA-TEXT-LINES,"PSH,ACK",1,752,752.0,0.0,752,752,3.275372375694769,3.275372375694769,3.275372375694769,0.0,0.0,0.0,752.0,1000000.0,752000000.0,0,2,0,1,0,0,0,outbound,1,1
9.003643,54558,8080,TCP,SYN,3,134,44.66666666666666,1.8856180831641267,42,46,0.0,0.0,0.0,4.5018214999945485,3.0048509999905946,5.998791999998502,44.66666666666666,0.3331984620003259,14.882864636014554,0,1,1,0,0,0,1,outbound,0,0
9.005543,50940,8080,TCP,SYN,3,134,44.66666666666666,1.8856180831641267,42,46,0.0,0.0,0.0,4.502771499999653,3.006503000000521,5.999039999998786,44.66666666666666,0.33312816339892,14.879724631818426,0,1,1,0,0,0,1,outbound,0,0
8.986016,56156,8080,TCP,SYN,3,134,44.66666666666666,1.8856180831641267,42,46,0.0,0.0,0.0,4.493007999997644,2.9874649999983376,5.998550999996951,44.66666666666666,0.3338520652533893,14.912058914651388,0,1,1,0,0,0,1,outbound,0,0
9.000527,64683,8080,TCP,SYN,3,134,44.66666666666666,1.8856180831641267,42,46,0.0,0.0,0.0,4.500263499998255,3.00171800001408,5.99880899998243,44.66666666666666,0.3333138159576655,14.88801711277573,0,1,1,0,0,0,1,outbound,0,0
9.004883,50328,8080,TCP,SYN,3,134,44.66666666666666,1.8856180831641267,42,46,0.0,0.0,0.0,4.502441500000714,3.0060150000026624,5.998867999998765,44.66666666666666,0.3331525795504506,14.880815219920128,0,1,1,0,0,0,1,outbound,0,0
8.999209,53622,8080,TCP,SYN,3,134,44.66666666666666,1.8856180831641267,42,46,0.0,0.0,0.0,4.499604500000714,2.9903679999988526,6.008841000002576,44.66666666666666,0.3333626322046749,14.89019757180881,0,1,1,0,0,0,1,outbound,0,0
9.001891,61232,8080,TCP,SYN,3,134,44.66666666666666,1.8856180831641267,42,46,0.0,0.0,0.0,4.5009454999817535,2.9931370000122115,6.008753999951296,44.66666666666666,0.3332633110087647,14.885761225058156,0,1,1,0,0,0,1,outbound,0,0
9.000072,61130,8080,TCP,SYN,3,134,44.66666666666666,1.8856180831641267,42,46,0.0,0.0,0.0,4.500035999983084,3.0016039999900386,5.998467999976128,44.66666666666666,0.3333306666879999,14.88876977873066,0,1,1,0,0,0,1,outbound,0,0
8.999042,59229,8080,TCP,SYN,3,134,44.66666666666666,1.8856180831641267,42,46,0.0,0.0,0.0,4.499521000005188,3.000456000008853,5.998586000001524,44.66666666666666,0.3333688185920235,14.890473897110382,0,1,1,0,0,0,1,outbound,0,0
8.998645,56415,8080,TCP,SYN,3,134,44.66666666666666,1.8856180831641267,42,46,0.0,0.0,0.0,4.499322499999835,2.9993760000070324,5.999268999992637,44.66666666666666,0.3333835260753147,14.891130831364055,0,1,1,0,0,0,1,outbound,0,0
9.002407,51779,8080,TCP,SYN,3,134,44.66666666666666,1.8856180831641267,42,46,0.0,0.0,0.0,4.501203499967232,3.003794999793172,5.998612000141293,44.66666666666666,0.3332442090209874,14.884908002937436,0,1,1,0,0,0,1,outbound,0,0
9.001869,59976,8080,TCP,SYN,3,134,44.66666666666666,1.8856180831641267,42,46,0.0,0.0,0.0,4.5009344999998575,3.0038210000202525,5.998047999979463,44.66666666666666,0.3332641254832746,14.885797604919604,0,1,1,0,0,0,1,outbound,0,0
1e-06,64123,8080,HTTP,"PSH,ACK",1,456,456.0,0.0,456,456,3.5078276407131312,3.5078276407131312,3.5078276407131312,0.0,0.0,0.0,456.0,1000000.0,456000000.0,0,2,0,1,0,1,1,outbound,1,1
1e-06,58998,8080,HTTP,"PSH,ACK",1,455,455.0,0.0,455,455,3.506269693158477,3.506269693158477,3.506269693158477,0.0,0.0,0.0,455.0,1000000.0,455000000.0,0,2,0,1,0,1,1,outbound,1,1
1e-06,80,52453,DATA-TEXT-LINES,"PSH,ACK",1,1346,1346.0,0.0,1346,1346,3.2636415265450465,3.2636415265450465,3.2636415265450465,0.0,0.0,0.0,1346.0,1000000.0,1346000000.0,0,2,0,1,0,0,0,outbound,1,1
1e-06,8080,54272,DATA-TEXT-LINES,"PSH,ACK",1,752,752.0,0.0,752,752,3.276077587406722,3.276077587406722,3.276077587406722,0.0,0.0,0.0,752.0,1000000.0,752000000.0,0,2,0,1,0,0,0,outbound,1,1
8.998498,57069,8080,TCP,SYN,3,134,44.66666666666666,1.8856180831641267,42,46,0.0,0.0,0.0,4.499249000000418,2.9997960000036983,5.998701999997138,44.66666666666666,0.3333889722484797,14.891374093765426,0,1,1,0,0,0,1,outbound,0,0
20.230426,58821,8080,TCP,"SYN,RST,ACK",5,182,36.4,4.8,34,46,0.0,0.0,0.0,5.05760649999138,0.0167729998938739,14.80174499982968,36.4,0.2471524821078903,8.996350348727209,0,3,1,1,0,0,1,outbound,0,0
1e-06,8080,57066,DATA-TEXT-LINES,"PSH,ACK",1,752,752.0,0.0,752,752,3.27504020884127,3.27504020884127,3.27504020884127,0.0,0.0,0.0,752.0,1000000.0,752000000.0,0,2,0,1,0,0,0,outbound,1,1
8.999109,57942,8080,TCP,SYN,3,134,44.66666666666666,1.8856180831641267,42,46,0.0,0.0,0.0,4.499554500005615,3.000251000004937,5.998858000006294,44.66666666666666,0.3333663366006568,14.890363034829337,0,1,1,0,0,0,1,outbound,0,0
9.004146,63263,8080,TCP,SYN,3,134,44.66666666666666,1.8856180831641267,42,46,0.0,0.0,0.0,4.502073000010569,3.005472999997437,5.9986730000237,44.66666666666666,0.3331798484831321,14.882033232246568,0,1,1,0,0,0,1,outbound,0,0
9.002892,55254,8080,TCP,SYN,3,134,44.66666666666666,1.8856180831641267,42,46,0.0,0.0,0.0,4.5014460000093095,2.993995999975596,6.008896000043023,44.66666666666666,0.3332262566295364,14.884106129452626,0,1,1,0,0,0,1,outbound,0,0
9.001456,60363,8080,TCP,SYN,3,134,44.66666666666666,1.8856180831641267,42,46,0.0,0.0,0.0,4.50072799998452,3.0024299999931827,5.999025999975856,44.66666666666666,0.3332794161300128,14.88648058714057,0,1,1,0,0,0,1,outbound,0,0
8.99667,64893,8080,TCP,SYN,3,134,44.66666666666666,1.8856180831641267,42,46,0.0,0.0,0.0,4.498335000011139,2.997778000019025,5.998892000003252,44.66666666666666,0.3334567123168905,14.894399816821112,0,1,1,0,0,0,1,outbound,0,0
9.005774,57730,8080,TCP,SYN,3,134,44.66666666666666,1.8856180831641267,42,46,0.0,0.0,0.0,4.5028869999805465,3.0068040000041947,5.998969999956898,44.66666666666666,0.3331196185913614,14.87934296374748,0,1,1,0,0,0,1,outbound,0,0
1e-06,8080,50553,DATA-TEXT-LINES,"PSH,ACK",1,425,425.0,0.0,425,425,3.556275906142461,3.556275906142461,3.556275906142461,0.0,0.0,0.0,425.0,1000000.0,425000000.0,0,2,0,1,0,0,0,outbound,1,1
9.018538,49487,8080,TCP,SYN,3,134,44.66666666666666,1.8856180831641267,42,46,0.0,0.0,0.0,4.50926900000195,3.0096619999967515,6.008876000007149,44.66666666666666,0.3326481520618974,14.858284125431418,0,1,1,0,0,0,1,outbound,0,0
9.000058,56395,8080,TCP,SYN,3,134,44.66666666666666,1.8856180831641267,42,46,0.0,0.0,0.0,4.50002899998799,3.001164000015706,5.9988939999602735,44.66666666666666,0.3333311851990287,14.888792938889951,0,1,1,0,0,0,1,outbound,0,0
9.000214,52955,8080,TCP,SYN,3,134,44.66666666666666,1.8856180831641267,42,46,0.0,0.0,0.0,4.500106999883428,3.00168599979952,5.998527999967337,44.66666666666666,0.3333254075958638,14.888534872615253,0,1,1,0,0,0,1,outbound,0,0
1e-06,59934,8080,HTTP,"PSH,ACK",1,455,455.0,0.0,455,455,3.514292992267732,3.514292992267732,3.514292992267732,0.0,0.0,0.0,455.0,1000000.0,455000000.0,0,2,0,1,0,1,1,outbound,1,1
8.998321,63678,8080,TCP,SYN,3,134,44.66666666666666,1.8856180831641267,42,46,0.0,0.0,0.0,4.499160499995924,3.0001029999984894,5.998217999993358,44.66666666666666,0.3333955301216749,14.89166701210148,0,1,1,0,0,0,1,outbound,0,0
8.996061,64437,8080,TCP,SYN,3,134,44.66666666666666,1.8856180831641267,42,46,0.0,0.0,0.0,4.498030500020832,2.997278000228107,5.998782999813557,44.66666666666666,0.3334792861008835,14.89540811250613,0,1,1,0,0,0,1,outbound,0,0
0.000505,8080,51176,TCP,"SYN,ACK",2,72,36.0,2.0,34,38,0.0,0.0,0.0,0.0005049998871982,0.0005049998871982,0.0005049998871982,36.0,3960.39603960396,142574.25742574257,0,2,1,1,0,0,0,outbound,1,0
8.997901,64541,8080,TCP,SYN,3,134,44.66666666666666,1.8856180831641267,42,46,0.0,0.0,0.0,4.498950499983039,2.9990169999655336,5.998884000000544,44.66666666666666,0.3334110922091718,14.892362118676344,0,1,1,0,0,0,1,outbound,0,0
9.000583,58086,8080,TCP,SYN,3,134,44.66666666666666,1.8856180831641267,42,46,0.0,0.0,0.0,4.500291500007734,3.0016189999878407,5.998964000027627,44.66666666666666,0.3333117421393702,14.887924482225204,0,1,1,0,0,0,1,outbound,0,0
8.997764,59809,8080,TCP,SYN,3,134,44.66666666666666,1.8856180831641267,42,46,0.0,0.0,0.0,4.498881999999867,2.9987900000123773,5.998973999987356,44.66666666666666,0.3334161687281418,14.892588869857,0,1,1,0,0,0,1,outbound,0,0
1e-06,58758,8080,HTTP,"PSH,ACK",1,455,455.0,0.0,455,455,3.515293242163578,3.515293242163578,3.515293242163578,0.0,0.0,0.0,455.0,1000000.0,455000000.0,0,2,0,1,0,1,1,outbound,1,1
8.998246,58944,8080,TCP,SYN,3,134,44.66666666666666,1.8856180831641267,42,46,0.0,0.0,0.0,4.499123000001418,2.999341999995522,5.998904000007315,44.66666666666666,0.3333983089593239,14.891791133516463,0,1,1,0,0,0,1,outbound,0,0
9.000621,59394,8080,TCP,SYN,3,134,44.66666666666666,1.8856180831641267,42,46,0.0,0.0,0.0,4.50031050000689,3.00152499997057,5.99909600004321,44.66666666666666,0.3333103349202238,14.887861626436663,0,1,1,0,0,0,1,outbound,0,0
9.000858,62246,8080,TCP,SYN,3,134,44.66666666666666,1.8856180831641267,42,46,0.0,0.0,0.0,4.500429000006989,2.9922090000472963,6.008648999966681,44.66666666666666,0.3333015585847483,14.887469616785424,0,1,1,0,0,0,1,outbound,0,0
8.999136,62660,8080,TCP,SYN,3,134,44.66666666666666,1.8856180831641267,42,46,0.0,0.0,0.0,4.499567999999272,3.000230000005104,5.99890599999344,44.66666666666666,0.3333653364056282,14.890318359451395,0,1,1,0,0,0,1,outbound,0,0
8.998916,64892,8080,TCP,SYN,3,134,44.66666666666666,1.8856180831641267,42,46,0.0,0.0,0.0,4.4994580000056885,3.0003259999793954,5.998590000031982,44.66666666666666,0.3333734863176854,14.890682388856614,0,1,1,0,0,0,1,outbound,0,0
9.000114,53801,8080,TCP,SYN,3,134,44.66666666666666,1.8856180831641267,42,46,0.0,0.0,0.0,4.500056999968365,3.001397999934852,5.9987160000018775,44.66666666666666,0.3333291111645919,14.888700298685103,0,1,1,0,0,0,1,outbound,0,0
8.993155,61097,8080,TCP,SYN,3,134,44.66666666666666,1.8856180831641267,42,46,0.0,0.0,0.0,4.496577499987325,2.994742000009865,5.998412999964785,44.66666666666666,0.3335870448135276,14.900221335004234,0,1,1,0,0,0,1,outbound,0,0
9.005108,57593,8080,TCP,SYN,3,134,44.66666666666666,1.8856180831641267,42,46,0.0,0.0,0.0,4.502554000006057,3.006775999965612,5.998332000046503,44.66666666666666,0.3331442554603454,14.880443410562094,0,1,1,0,0,0,1,outbound,0,0
9.004965,63303,8080,TCP,SYN,3,134,44.66666666666666,1.8856180831641267,42,46,0.0,0.0,0.0,4.502482499927282,3.006192000117153,5.998772999737412,44.66666666666666,0.3331495458338816,14.88067971391338,0,1,1,0,0,0,1,outbound,0,0
8.997892,52079,8080,TCP,SYN,3,134,44.66666666666666,1.8856180831641267,42,46,0.0,0.0,0.0,4.498946000006981,2.999834999965969,5.998057000047993,44.66666666666666,0.3334114256983747,14.892377014527405,0,1,1,0,0,0,1,outbound,0,0
9.002318,58339,8080,TCP,SYN,3,134,44.66666666666666,1.8856180831641267,42,46,0.0,0.0,0.0,4.501159000210464,3.0040210001170635,5.9982970003038645,44.66666666666666,0.3332475035874093,14.885055160237618,0,1,1,0,0,0,1,outbound,0,0
8.996013,57279,8080,TCP,SYN,3,134,44.66666666666666,1.8856180831641267,42,46,0.0,0.0,0.0,4.498006499998155,2.997094999998808,5.998917999997502,44.66666666666666,0.3334810654453256,14.89548758989121,0,1,1,0,0,0,1,outbound,0,0
9.012968,52094,8080,TCP,SYN,3,134,44.66666666666666,1.8856180831641267,42,46,0.0,0.0,0.0,4.506484000012279,3.004592999815941,6.008375000208616,44.66666666666666,0.3328537280948961,14.867466521572029,0,1,1,0,0,0,1,outbound,0,0
8.99661,59321,8080,TCP,SYN,3,134,44.66666666666666,1.8856180831641267,42,46,0.0,0.0,0.0,4.498304999986431,2.997493000002578,5.999116999970283,44.66666666666666,0.3334589361993017,14.894499150235475,0,1,1,0,0,0,1,outbound,0,0
152.343841,63738,8080,TCP,"SYN,RST,ACK",5,182,36.4,4.8,34,46,0.0,0.0,0.0,38.08596024999861,0.5514799999073148,135.1707870000973,36.4,0.0328204932157382,1.1946659530528707,0,3,1,1,0,0,1,outbound,0,0
8.993676,56872,8080,TCP,SYN,3,134,44.66666666666666,1.8856180831641267,42,46,0.0,0.0,0.0,4.496837999999116,2.9948440000007395,5.998831999997492,44.66666666666666,0.33356772025143,14.89935817123054,0,1,1,0,0,0,1,outbound,0,0
9.002221,55972,8080,TCP,SYN,3,134,44.66666666666666,1.8856180831641267,42,46,0.0,0.0,0.0,4.501110500001232,3.00373799999943,5.998483000003034,44.66666666666666,0.3332510943688229,14.885215548474092,0,1,1,0,0,0,1,outbound,0,0
9.006226,59908,8080,TCP,SYN,3,134,44.66666666666666,1.8856180831641267,42,46,0.0,0.0,0.0,4.503112999998848,2.997720999992453,6.008505000005243,44.66666666666666,0.3331029001492967,14.878596206668588,0,1,1,0,0,0,1,outbound,0,0
9.003607,60321,8080,TCP,SYN,3,134,44.66666666666666,1.8856180831641267,42,46,0.0,0.0,0.0,4.501803500112146,3.0050099999643862,5.998597000259906,44.66666666666666,0.3331997942602336,14.882924143623772,0,1,1,0,0,0,1,outbound,0,0
8.9994,49621,8080,TCP,SYN,3,134,44.66666666666666,1.8856180831641267,42,46,0.0,0.0,0.0,4.499700000014855,3.001228000037372,5.998171999992337,44.66666666666666,0.3333555570371358,14.889881547658732,0,1,1,0,0,0,1,outbound,0,0
8.99794,63996,8080,TCP,SYN,3,134,44.66666666666666,1.8856180831641267,42,46,0.0,0.0,0.0,4.498970000000554,2.999184999993304,5.9987550000078045,44.66666666666666,0.3334096470970022,14.892297570332763,0,1,1,0,0,0,1,outbound,0,0
0.245721,50795,80,TCP,"FIN,SYN,PSH,ACK",5,415,83.0,92.11731650455305,34,267,0.6679399500712273,0.0,3.3396997503561363,0.0614302500034682,0.0001570000313222,0.1230010001454502,83.0,20.348281180688662,1688.9073379971594,1,4,1,1,1,0,1,outbound,0,0
8.995848,52673,8080,TCP,SYN,3,134,44.66666666666666,1.8856180831641267,42,46,0.0,0.0,0.0,4.497924000024796,2.9979660003446043,5.997881999704987,44.66666666666666,0.3334871820866693,14.895760799871228,0,1,1,0,0,0,1,outbound,0,0
9.007779,52739,8080,TCP,SYN,3,134,44.66666666666666,1.8856180831641267,42,46,0.0,0.0,0.0,4.503889499930665,3.009374999906868,5.998403999954462,44.66666666666666,0.3330454710312054,14.87603103939384,0,1,1,0,0,0,1,outbound,0,0
8.999645,55839,8080,TCP,SYN,3,134,44.66666666666666,1.8856180831641267,42,46,0.0,0.0,0.0,4.499822499987204,3.001165999972727,5.99847900000168,44.66666666666666,0.3333464820001233,14.88947619600551,0,1,1,0,0,0,1,outbound,0,0
8.999085,62487,8080,TCP,SYN,3,134,44.66666666666666,1.8856180831641267,42,46,0.0,0.0,0.0,4.499542499994277,3.000758999987738,5.998326000000816,44.66666666666666,0.3333672256679429,14.89040274650145,0,1,1,0,0,0,1,outbound,0,0
20.273174,55713,8080,TCP,"SYN,RST,ACK",5,182,36.4,4.8,34,46,0.0,0.0,0.0,5.06829349999316,0.0176300001330673,14.797996000386776,36.4,0.246631336563283,8.977380650903504,0,3,1,1,0,0,1,outbound,0,0
9.002385,60200,8080,TCP,SYN,3,134,44.66666666666666,1.8856180831641267,42,46,0.0,0.0,0.0,4.501192499999888,3.00386100000469,5.998523999995086,44.66666666666666,0.3332450234021317,14.884944378628552,0,1,1,0,0,0,1,outbound,0,0
1e-06,8080,57882,DATA-TEXT-LINES,"PSH,ACK",1,752,752.0,0.0,752,752,3.274304636229635,3.274304636229635,3.274304636229635,0.0,0.0,0.0,752.0,1000000.0,752000000.0,0,2,0,1,0,0,0,outbound,1,1
9.018994,61311,8080,TCP,SYN,3,134,44.66666666666666,1.8856180831641267,42,46,0.0,0.0,0.0,4.509496999991825,3.0106980000273325,6.008295999956317,44.66666666666666,0.3326313333837455,14.857532891140632,0,1,1,0,0,0,1,outbound,0,0
1e-06,8080,50773,DATA-TEXT-LINES,"PSH,ACK",1,352,352.0,0.0,352,352,3.4993807492668974,3.4993807492668974,3.4993807492668974,0.0,0.0,0.0,352.0,1000000.0,352000000.0,0,2,0,1,0,0,0,outbound,1,1
8.995419,60568,8080,TCP,SYN,3,134,44.66666666666666,1.8856180831641267,42,46,0.0,0.0,0.0,4.497709500006749,2.996001999999862,5.999417000013636,44.66666666666666,0.3335030864043131,14.896471192725986,0,1,1,0,0,0,1,outbound,0,0
1e-06,8080,50901,DATA-TEXT-LINES,"PSH,ACK",1,421,421.0,0.0,421,421,3.54004718906846,3.54004718906846,3.54004718906846,0.0,0.0,0.0,421.0,1000000.0,421000000.0,0,2,0,1,0,0,0,outbound,1,1
9.000684,64410,8080,TCP,SYN,3,134,44.66666666666666,1.8856180831641267,42,46,0.0,0.0,0.0,4.500341999999364,3.001864999998361,5.998819000000367,44.66666666666666,0.333308001925187,14.887757419325022,0,1,1,0,0,0,1,outbound,0,0
1e-06,59406,8080,HTTP,"PSH,ACK",1,455,455.0,0.0,455,455,3.5359611895756826,3.5359611895756826,3.5359611895756826,0.0,0.0,0.0,455.0,1000000.0,455000000.0,0,2,0,1,0,1,1,outbound,1,1
1e-06,50516,8080,HTTP,"PSH,ACK",1,456,456.0,0.0,456,456,3.5083742583959774,3.5083742583959774,3.5083742583959774,0.0,0.0,0.0,456.0,1000000.0,456000000.0,0,2,0,1,0,1,1,outbound,1,1
9.016834,51136,8080,TCP,SYN,3,134,44.66666666666666,1.8856180831641267,42,46,0.0,0.0,0.0,4.508417000062764,3.008200000040233,6.008634000085294,44.66666666666666,0.3327110158621086,14.861092041840852,0,1,1,0,0,0,1,outbound,0,0
9.002933,49578,8080,TCP,SYN,3,134,44.66666666666666,1.8856180831641267,42,46,0.0,0.0,0.0,4.501466500005336,3.004623000015272,5.998309999995399,44.66666666666666,0.3332247390933598,14.884038346170074,0,1,1,0,0,0,1,outbound,0,0
1e-06,8080,50452,DATA-TEXT-LINES,"PSH,ACK",1,352,352.0,0.0,352,352,3.502936311318824,3.502936311318824,3.502936311318824,0.0,0.0,0.0,352.0,1000000.0,352000000.0,0,2,0,1,0,0,0,outbound,1,1
1e-06,64194,8080,HTTP,"PSH,ACK",1,455,455.0,0.0,455,455,3.5133850439595897,3.5133850439595897,3.5133850439595897,0.0,0.0,0.0,455.0,1000000.0,455000000.0,0,2,0,1,0,1,1,outbound,1,1
8.99343,56930,8080,TCP,SYN,3,134,44.66666666666666,1.8856180831641267,42,46,0.0,0.0,0.0,4.49671499998658,2.994479999993928,5.998949999979232,44.66666666666666,0.333576844429767,14.899765717862929,0,1,1,0,0,0,1,outbound,0,0
8.99962,56198,8080,TCP,SYN,3,134,44.66666666666666,1.8856180831641267,42,46,0.0,0.0,0.0,4.49980999995023,3.001266000326723,5.998353999573737,44.66666666666666,0.3333474080016712,14.88951755740798,0,1,1,0,0,0,1,outbound,0,0
1e-06,8080,64590,DATA-TEXT-LINES,"PSH,ACK",1,752,752.0,0.0,752,752,3.276386405413143,3.276386405413143,3.276386405413143,0.0,0.0,0.0,752.0,1000000.0,752000000.0,0,2,0,1,0,0,0,outbound,1,1
1e-06,52402,8080,HTTP,"PSH,ACK",1,455,455.0,0.0,455,455,3.5202258117333627,3.5202258117333627,3.5202258117333627,0.0,0.0,0.0,455.0,1000000.0,455000000.0,0,2,0,1,0,1,1,outbound,1,1
1e-06,8080,50535,DATA-TEXT-LINES,"PSH,ACK",1,352,352.0,0.0,352,352,3.499542008949804,3.499542008949804,3.499542008949804,0.0,0.0,0.0,352.0,1000000.0,352000000.0,0,2,0,1,0,0,0,outbound,1,1
9.002688,52558,8080,TCP,SYN,3,134,44.66666666666666,1.8856180831641267,42,46,0.0,0.0,0.0,4.501343999989331,3.00468999997247,5.997998000006191,44.66666666666666,0.3332338075028258,14.884443401792888,0,1,1,0,0,0,1,outbound,0,0
1e-06,58734,8080,HTTP,"PSH,ACK",1,455,455.0,0.0,455,455,3.513529376636661,3.513529376636661,3.513529376636661,0.0,0.0,0.0,455.0,1000000.0,455000000.0,0,2,0,1,0,1,1,outbound,1,1
1e-06,8080,49221,HTTP,"PSH,ACK",1,173,173.0,0.0,173,173,3.355552994242959,3.355552994242959,3.355552994242959,0.0,0.0,0.0,173.0,1000000.0,173000000.0,0,2,0,1,0,1,0,outbound,1,1
8.996716,55890,8080,TCP,SYN,3,134,44.66666666666666,1.8856180831641267,42,46,0.0,0.0,0.0,4.498357999997097,2.9978459999983897,5.998869999995804,44.66666666666666,0.3334550073604636,14.894323662100703,0,1,1,0,0,0,1,outbound,0,0
1e-06,8080,65059,HTTP,"PSH,ACK",1,173,173.0,0.0,173,173,3.338342606181925,3.338342606181925,3.338342606181925,0.0,0.0,0.0,173.0,1000000.0,173000000.0,0,2,0,1,0,1,0,outbound,1,1
1e-06,58505,8080,TCP,SYN,1,46,46.0,0.0,46,46,0.0,0.0,0.0,0.0,0.0,0.0,46.0,1000000.0,46000000.0,0,1,1,0,0,0,1,outbound,1,1
8.998751,54388,8080,TCP,SYN,3,134,44.66666666666666,1.8856180831641267,42,46,0.0,0.0,0.0,4.499375500017777,3.0003829998895526,5.998368000146002,44.66666666666666,0.3333795990132408,14.890955422591423,0,1,1,0,0,0,1,outbound,0,0
9.000019,52384,8080,TCP,SYN,3,134,44.66666666666666,1.8856180831641267,42,46,0.0,0.0,0.0,4.500009499955922,2.990912000183016,6.009106999728829,44.66666666666666,0.3333326296311152,14.88885745685648,0,1,1,0,0,0,1,outbound,0,0
8.999074,60765,8080,TCP,SYN,3,134,44.66666666666666,1.8856180831641267,42,46,0.0,0.0,0.0,4.499536999966949,3.000793999992311,5.9982799999415874,44.66666666666666,0.3333676331587005,14.89042094775529,0,1,1,0,0,0,1,outbound,0,0
8.996205,63740,8080,TCP,SYN,3,134,44.66666666666666,1.8856180831641267,42,46,0.0,0.0,0.0,4.498102500001551,2.997700999985682,5.99850400001742,44.66666666666666,0.3334739481814832,14.895169685439583,0,1,1,0,0,0,1,outbound,0,0
8.997181,63826,8080,TCP,SYN,3,134,44.66666666666666,1.8856180831641267,42,46,0.0,0.0,0.0,4.498590500006685,2.9981929999776185,5.998988000035752,44.66666666666666,0.3334377734537073,14.89355388093226,0,1,1,0,0,0,1,outbound,0,0
9.006586,60390,8080,TCP,SYN,3,134,44.66666666666666,1.8856180831641267,42,46,0.0,0.0,0.0,4.503293000001577,3.0082019999972545,5.998384000005899,44.66666666666666,0.3330895857764529,14.878001498014896,0,1,1,0,0,0,1,outbound,0,0
8.995787,49853,8080,TCP,SYN,3,134,44.66666666666666,1.8856180831641267,42,46,0.0,0.0,0.0,4.4978935001418,2.997367000207305,5.998420000076294,44.66666666666666,0.3334894434472492,14.895861807310467,0,1,1,0,0,0,1,outbound,0,0
9.004931,64707,8080,TCP,SYN,3,134,44.66666666666666,1.8856180831641267,42,46,0.0,0.0,0.0,4.502465500001563,3.0061350000323728,5.998795999970753,44.66666666666666,0.3331508037096564,14.880735899031322,0,1,1,0,0,0,1,outbound,0,0
8.992293,58298,8080,TCP,SYN,3,134,44.66666666666666,1.8856180831641267,42,46,0.0,0.0,0.0,4.496146499994211,2.9940279999864288,5.998265000001993,44.66666666666666,0.3336190224228681,14.901649668221442,0,1,1,0,0,0,1,outbound,0,0
8.9999,64641,8080,TCP,SYN,3,134,44.66666666666666,1.8856180831641267,42,46,0.0,0.0,0.0,4.499949999997625,3.0012379999971017,5.9986619999981485,44.66666666666666,0.3333370370781897,14.889054322825809,0,1,1,0,0,0,1,outbound,0,0
8.996967,62572,8080,TCP,SYN,3,134,44.66666666666666,1.8856180831641267,42,46,0.0,0.0,0.0,4.4984835000068415,2.9980600000126287,5.998907000001054,44.66666666666666,0.3334457045357619,14.893908135930698,0,1,1,0,0,0,1,outbound,0,0
1e-06,8080,64015,HTTP,"PSH,ACK",1,173,173.0,0.0,173,173,3.3382877981767254,3.3382877981767254,3.3382877981767254,0.0,0.0,0.0,173.0,1000000.0,173000000.0,0,2,0,1,0,1,0,outbound,1,1
9.002148,53798,8080,TCP,SYN,3,134,44.66666666666666,1.8856180831641267,42,46,0.0,0.0,0.0,4.501074000028893,3.003576999995857,5.998571000061929,44.66666666666666,0.3332537967605065,14.885336255302624,0,1,1,0,0,0,1,outbound,0,0
8.996051,53094,8080,TCP,SYN,3,134,44.66666666666666,1.8856180831641267,42,46,0.0,0.0,0.0,4.498025500000949,2.9971129999976256,5.998938000004273,44.66666666666666,0.3334796567960764,14.895424670224749,0,1,1,0,0,0,1,outbound,0,0
8.998427,65514,8080,TCP,SYN,3,134,44.66666666666666,1.8856180831641267,42,46,0.0,0.0,0.0,4.49921350000659,2.9998759999871254,5.998551000026055,44.66666666666666,0.3333916027767964,14.891491590696909,0,1,1,0,0,0,1,outbound,0,0
9.000214,53684,8080,TCP,SYN,3,134,44.66666666666666,1.8856180831641267,42,46,0.0,0.0,0.0,4.500106999999844,3.0019109999993816,5.9983030000003055,44.66666666666666,0.3333254075958638,14.888534872615253,0,1,1,0,0,0,1,outbound,0,0
8.998352,50564,8080,TCP,SYN,3,134,44.66666666666666,1.8856180831641267,42,46,0.0,0.0,0.0,4.499175999997533,2.989763000019593,6.008588999975473,44.66666666666666,0.3333943815489769,14.891615709187636,0,1,1,0,0,0,1,outbound,0,0
8.998377,64002,8080,TCP,SYN,3,134,44.66666666666666,1.8856180831641267,42,46,0.0,0.0,0.0,4.499188499990851,2.99985100000049,5.998525999981212,44.66666666666666,0.3333934552864366,14.891574336127505,0,1,1,0,0,0,1,outbound,0,0
1e-06,8080,60918,DATA-TEXT-LINES,"PSH,ACK",1,752,752.0,0.0,752,752,3.2742527258231577,3.2742527258231577,3.2742527258231577,0.0,0.0,0.0,752.0,1000000.0,752000000.0,0,2,0,1,0,0,0,outbound,1,1
8.993929,62952,8080,TCP,SYN,3,134,44.66666666666666,1.8856180831641267,42,46,0.0,0.0,0.0,4.496964500052854,2.995256000198424,5.998672999907285,44.66666666666666,0.3335583369626334,14.898939050997624,0,1,1,0,0,0,1,outbound,0,0
8.996665,58762,8080,TCP,SYN,3,134,44.66666666666666,1.8856180831641267,42,46,0.0,0.0,0.0,4.498332499992102,2.9983599996194243,5.99830500036478,44.66666666666666,0.3334568976392918,14.894408094555038,0,1,1,0,0,0,1,outbound,0,0
8.998082,49812,8080,TCP,SYN,3,134,44.66666666666666,1.8856180831641267,42,46,0.0,0.0,0.0,4.499040999999124,2.9990279999983613,5.999053999999887,44.66666666666666,0.3334043855123791,14.892062552886271,0,1,1,0,0,0,1,outbound,0,0
1e-06,63943,8080,HTTP,"PSH,ACK",1,456,456.0,0.0,456,456,3.5157000450611937,3.5157000450611937,3.5157000450611937,0.0,0.0,0.0,456.0,1000000.0,456000000.0,0,2,0,1,0,1,1,outbound,1,1
9.005403,56948,8080,TCP,SYN,3,134,44.66666666666666,1.8856180831641267,42,46,0.0,0.0,0.0,4.502701500001422,3.006457000010414,5.998945999992429,44.66666666666666,0.3331333422835158,14.879955955330374,0,1,1,0,0,0,1,outbound,0,0
8.996964,58630,8080,TCP,SYN,3,134,44.66666666666666,1.8856180831641267,42,46,0.0,0.0,0.0,4.498482000024524,2.9988040000316687,5.9981600000173785,44.66666666666666,0.3334458157218368,14.893913102242044,0,1,1,0,0,0,1,outbound,0,0
8.995727,51984,8080,TCP,SYN,3,134,44.66666666666666,1.8856180831641267,42,46,0.0,0.0,0.0,4.497863499913365,2.997413999866694,5.998312999960035,44.66666666666666,0.3334916677662627,14.895961160226404,0,1,1,0,0,0,1,outbound,0,0
1e-06,8080,56469,HTTP,"PSH,ACK",1,173,173.0,0.0,173,173,3.333478066735798,3.333478066735798,3.333478066735798,0.0,0.0,0.0,173.0,1000000.0,173000000.0,0,2,0,1,0,1,0,outbound,1,1
8.995228,62833,8080,TCP,SYN,3,134,44.66666666666666,1.8856180831641267,42,46,0.0,0.0,0.0,4.497614000007161,2.996741000009933,5.998487000004388,44.66666666666666,0.3335101678356569,14.89678749665934,0,1,1,0,0,0,1,outbound,0,0
1e-06,56994,8080,HTTP,"PSH,ACK",1,455,455.0,0.0,455,455,3.518617201050016,3.518617201050016,3.518617201050016,0.0,0.0,0.0,455.0,1000000.0,455000000.0,0,2,0,1,0,1,1,outbound,1,1
1e-06,58947,8080,TCP,SYN,1,46,46.0,0.0,46,46,0.0,0.0,0.0,0.0,0.0,0.0,46.0,1000000.0,46000000.0,0,1,1,0,0,0,1,outbound,1,1
152.890813,60762,8080,TCP,"SYN,RST,ACK",5,182,36.4,4.8,34,46,0.0,0.0,0.0,38.22270325000864,0.3333769999444484,135.74668000033125,36.4,0.0327030768029207,1.1903919956263167,0,3,1,1,0,0,1,outbound,0,0
8.995081,50451,8080,TCP,SYN,3,134,44.66666666666666,1.8856180831641267,42,46,0.0,0.0,0.0,4.4975404999986495,2.996259999999893,5.998820999997406,44.66666666666666,0.3335156181472962,14.897030943912569,0,1,1,0,0,0,1,outbound,0,0
8.99297,64893,8080,TCP,SYN,3,134,44.66666666666666,1.8856180831641267,42,46,0.0,0.0,0.0,4.49648500001058,2.994470000267029,5.998499999754131,44.66666666666666,0.3335939072408782,14.900527856759224,0,1,1,0,0,0,1,outbound,0,0
9.004597,63915,8080,TCP,SYN,3,134,44.66666666666666,1.8856180831641267,42,46,0.0,0.0,0.0,4.502298499923199,3.005965000018477,5.998631999827921,44.66666666666666,0.3331631609943232,14.881287857746438,0,1,1,0,0,0,1,outbound,0,0
1e-06,50222,8080,HTTP,"PSH,ACK",1,456,456.0,0.0,456,456,3.5271643445374656,3.5271643445374656,3.5271643445374656,0.0,0.0,0.0,456.0,1000000.0,456000000.0,0,2,0,1,0,1,1,outbound,1,1
8.999067,58881,8080,TCP,SYN,3,134,44.66666666666666,1.8856180831641267,42,46,0.0,0.0,0.0,4.499533499998506,3.000433999986853,5.998633000010159,44.66666666666666,0.3333678924715195,14.89043253039454,0,1,1,0,0,0,1,outbound,0,0
8.998691,61514,8080,TCP,SYN,3,134,44.66666666666666,1.8856180831641267,42,46,0.0,0.0,0.0,4.499345499993069,2.9998860000050627,5.998804999981076,44.66666666666666,0.3333818218672026,14.891054710068383,0,1,1,0,0,0,1,outbound,0,0
8.999838,59412,8080,TCP,SYN,3,134,44.66666666666666,1.8856180831641267,42,46,0.0,0.0,0.0,4.499918999848887,3.00149599974975,5.998341999948025,44.66666666666666,0.3333393334413352,14.889156893712975,0,1,1,0,0,0,1,outbound,0,0
8.999316,51329,8080,TCP,SYN,3,134,44.66666666666666,1.8856180831641267,42,46,0.0,0.0,0.0,4.499657999986084,3.0005000000237487,5.99881599994842,44.66666666666666,0.3333586685921463,14.890020530449204,0,1,1,0,0,0,1,outbound,0,0
1e-06,50790,8080,HTTP,"PSH,ACK",1,456,456.0,0.0,456,456,3.5005281999821225,3.5005281999821225,3.5005281999821225,0.0,0.0,0.0,456.0,1000000.0,456000000.0,0,2,0,1,0,1,1,outbound,1,1
1e-06,56789,8080,TCP,SYN,1,46,46.0,0.0,46,46,0.0,0.0,0.0,0.0,0.0,0.0,46.0,1000000.0,46000000.0,0,1,1,0,0,0,1,outbound,1,1
9.009927,59871,8080,TCP,SYN,3,134,44.66666666666666,1.8856180831641267,42,46,0.0,0.0,0.0,4.504963500003214,3.0010419999889564,6.008885000017472,44.66666666666666,0.3329660717561863,14.872484538442988,0,1,1,0,0,0,1,outbound,0,0
9.00434,64005,8080,TCP,SYN,3,134,44.66666666666666,1.8856180831641267,42,46,0.0,0.0,0.0,4.502170000007027,3.005736999999499,5.998603000014555,44.66666666666666,0.3331726700679894,14.881712596370196,0,1,1,0,0,0,1,outbound,0,0
8.992117,55764,8080,TCP,SYN,3,134,44.66666666666666,1.8856180831641267,42,46,0.0,0.0,0.0,4.496058499906212,2.993414999917149,5.998701999895275,44.66666666666666,0.3336255522475964,14.901941333725972,0,1,1,0,0,0,1,outbound,0,0
8.992704,52515,8080,TCP,SYN,3,134,44.66666666666666,1.8856180831641267,42,46,0.0,0.0,0.0,4.496352000001934,2.9946510000008857,5.998053000002983,44.66666666666666,0.3336037747934325,14.900968607439989,0,1,1,0,0,0,1,outbound,0,0
9.008263,62708,8080,TCP,SYN,3,134,44.66666666666666,1.8856180831641267,42,46,0.0,0.0,0.0,4.504131499998039,2.999535000009928,6.008727999986149,44.66666666666666,0.3330275770145698,14.875231773317454,0,1,1,0,0,0,1,outbound,0,0
8.997273,49559,8080,TCP,SYN,3,134,44.66666666666666,1.8856180831641267,42,46,0.0,0.0,0.0,4.498636500007706,2.998225999996066,5.999047000019345,44.66666666666666,0.3334343639456089,14.893401589570528,0,1,1,0,0,0,1,outbound,0,0
1e-06,52730,8080,HTTP,"PSH,ACK",1,455,455.0,0.0,455,455,3.5227935419846137,3.5227935419846137,3.5227935419846137,0.0,0.0,0.0,455.0,1000000.0,455000000.0,0,2,0,1,0,1,1,outbound,1,1
1e-06,8080,58542,DATA-TEXT-LINES,"PSH,ACK",1,752,752.0,0.0,752,752,3.2765679286441984,3.2765679286441984,3.2765679286441984,0.0,0.0,0.0,752.0,1000000.0,752000000.0,0,2,0,1,0,0,0,outbound,1,1
8.998895,49486,8080,TCP,SYN,3,134,44.66666666666666,1.8856180831641267,42,46,0.0,0.0,0.0,4.499447499983944,3.000683000020217,5.998211999947671,44.66666666666666,0.3333742642846705,14.890717138048617,0,1,1,0,0,0,1,outbound,0,0
8.991925,60051,8080,TCP,SYN,3,134,44.66666666666666,1.8856180831641267,42,46,0.0,0.0,0.0,4.495962500019232,2.9936860000016168,5.998239000036847,44.66666666666666,0.3336326759842859,14.902259527298105,0,1,1,0,0,0,1,outbound,0,0
1e-06,51057,8080,HTTP,"PSH,ACK",1,456,456.0,0.0,456,456,3.513103933524167,3.513103933524167,3.513103933524167,0.0,0.0,0.0,456.0,1000000.0,456000000.0,0,2,0,1,0,1,1,outbound,1,1
20.268393,58461,8080,TCP,"SYN,RST,ACK",5,182,36.4,4.8,34,46,0.0,0.0,0.0,5.06709825003054,0.0169930001720786,14.803197999950498,36.4,0.2466895130758516,8.979498275961,0,3,1,1,0,0,1,outbound,0,0
9.011949,63122,8080,TCP,SYN,3,134,44.66666666666666,1.8856180831641267,42,46,0.0,0.0,0.0,4.505974500003504,3.0037540000048466,6.008195000002161,44.66666666666666,0.3328913645649792,14.86914761723574,0,1,1,0,0,0,1,outbound,0,0
1e-06,57066,8080,HTTP,"PSH,ACK",1,455,455.0,0.0,455,455,3.513808847426936,3.513808847426936,3.513808847426936,0.0,0.0,0.0,455.0,1000000.0,455000000.0,0,2,0,1,0,1,1,outbound,1,1
8.992431,61360,8080,TCP,SYN,3,134,44.66666666666666,1.8856180831641267,42,46,0.0,0.0,0.0,4.496215500010294,2.9939290000183973,5.998502000002191,44.66666666666666,0.3336139026254413,14.90142098393638,0,1,1,0,0,0,1,outbound,0,0
8.999435,52014,8080,TCP,SYN,3,134,44.66666666666666,1.8856180831641267,42,46,0.0,0.0,0.0,4.499717500002589,3.000865000009071,5.998569999996107,44.66666666666666,0.3333542605730248,14.889823638928444,0,1,1,0,0,0,1,outbound,0,0
8.996327,51939,8080,TCP,SYN,3,134,44.66666666666666,1.8856180831641267,42,46,0.0,0.0,0.0,4.4981634999858215,2.9978549999650568,5.998472000006586,44.66666666666666,0.3334694259112635,14.894967690703105,0,1,1,0,0,0,1,outbound,0,0
9.003881,63210,8080,TCP,SYN,3,134,44.66666666666666,1.8856180831641267,42,46,0.0,0.0,0.0,4.50194050000573,3.004596000013408,5.9992849999980535,44.66666666666666,0.3331896545500768,14.882471236570098,0,1,1,0,0,0,1,outbound,0,0
151.984112,59862,8080,TCP,"SYN,RST,ACK",5,182,36.4,4.8,34,46,0.0,0.0,0.0,37.996028000023216,0.347006999887526,135.91768100019544,36.4,0.0328981755671934,1.1974935906458433,0,3,1,1,0,0,1,outbound,0,0
8.998085,63647,8080,TCP,SYN,3,134,44.66666666666666,1.8856180831641267,42,46,0.0,0.0,0.0,4.499042500014184,2.999242999998387,5.998842000029981,44.66666666666666,0.333404274353932,14.892057587808962,0,1,1,0,0,0,1,outbound,0,0
1e-06,80,50377,DATA-TEXT-LINES,"PSH,ACK",1,484,484.0,0.0,484,484,3.355441415802173,3.355441415802173,3.355441415802173,0.0,0.0,0.0,484.0,1000000.0,484000000.0,0,2,0,1,0,0,0,outbound,1,1
1e-06,49269,8080,HTTP,"PSH,ACK",1,456,456.0,0.0,456,456,3.527508491346223,3.527508491346223,3.527508491346223,0.0,0.0,0.0,456.0,1000000.0,456000000.0,0,2,0,1,0,1,1,outbound,1,1
9.001206,50151,8080,TCP,SYN,3,134,44.66666666666666,1.8856180831641267,42,46,0.0,0.0,0.0,4.500602999993134,3.0028939999756403,5.998312000010628,44.66666666666666,0.3332886726511981,14.886894045086848,0,1,1,0,0,0,1,outbound,0,0
8.999863,53692,8080,TCP,SYN,3,134,44.66666666666666,1.8856180831641267,42,46,0.0,0.0,0.0,4.499931500002276,3.000977000003332,5.998886000001221,44.66666666666666,0.3333384074846472,14.889115534314245,0,1,1,0,0,0,1,outbound,0,0
9.001097,65105,8080,TCP,SYN,3,134,44.66666666666666,1.8856180831641267,42,46,0.0,0.0,0.0,4.500548499985598,3.002610999974422,5.998485999996774,44.66666666666666,0.3332927086554005,14.887074319941226,0,1,1,0,0,0,1,outbound,0,0
1e-06,8080,55746,TCP,"SYN,ACK",1,38,38.0,0.0,38,38,0.0,0.0,0.0,0.0,0.0,0.0,38.0,1000000.0,38000000.0,0,2,1,1,0,0,0,outbound,1,1
8.999453,63474,8080,TCP,SYN,3,134,44.66666666666666,1.8856180831641267,42,46,0.0,0.0,0.0,4.499726500012912,3.000315000012052,5.999138000013772,44.66666666666666,0.3333535938239801,14.889793857471114,0,1,1,0,0,0,1,outbound,0,0
153.137884,64134,8080,TCP,"SYN,RST,ACK",5,182,36.4,4.8,34,46,0.0,0.0,0.0,38.28447099996265,0.9629050004296004,136.06784699996933,36.4,0.032650314013742,1.1884714301002095,0,3,1,1,0,0,1,outbound,0,0
1e-06,64339,8080,HTTP,"PSH,ACK",1,456,456.0,0.0,456,456,3.521907854288519,3.521907854288519,3.521907854288519,0.0,0.0,0.0,456.0,1000000.0,456000000.0,0,2,0,1,0,1,1,outbound,1,1
8.999843,63304,8080,TCP,SYN,3,134,44.66666666666666,1.8856180831641267,42,46,0.0,0.0,0.0,4.499921499998891,3.0007239999831654,5.999119000014616,44.66666666666666,0.3333391482495861,14.889148621814847,0,1,1,0,0,0,1,outbound,0,0
8.999549,60458,8080,TCP,SYN,3,134,44.66666666666666,1.8856180831641267,42,46,0.0,0.0,0.0,4.499774499796331,3.0008279997855425,5.998720999807119,44.66666666666666,0.3333500378741201,14.889635025044033,0,1,1,0,0,0,1,outbound,0,0
8.994858,55912,8080,TCP,SYN,3,134,44.66666666666666,1.8856180831641267,42,46,0.0,0.0,0.0,4.497428999995464,2.996235999991768,5.998621999999159,44.66666666666666,0.3335238866472377,14.897400270243288,0,1,1,0,0,0,1,outbound,0,0
1e-06,8080,54440,DATA-TEXT-LINES,"PSH,ACK",1,752,752.0,0.0,752,752,3.2767278775279656,3.2767278775279656,3.2767278775279656,0.0,0.0,0.0,752.0,1000000.0,752000000.0,0,2,0,1,0,0,0,outbound,1,1
8.997053,53244,8080,TCP,SYN,3,134,44.66666666666666,1.8856180831641267,42,46,0.0,0.0,0.0,4.49852650007233,2.998573000077158,5.998480000067502,44.66666666666666,0.3334425172331429,14.89376576974705,0,1,1,0,0,0,1,outbound,0,0
9.000441,56976,8080,TCP,SYN,3,134,44.66666666666666,1.8856180831641267,42,46,0.0,0.0,0.0,4.5002205000055255,3.002522000009776,5.997919000001275,44.66666666666666,0.3333170008002941,14.888159369079805,0,1,1,0,0,0,1,outbound,0,0
9.003444,54280,8080,TCP,SYN,3,134,44.66666666666666,1.8856180831641267,42,46,0.0,0.0,0.0,4.501722000000882,3.004670000009355,5.998773999992409,44.66666666666666,0.3332058265703657,14.88319358680967,0,1,1,0,0,0,1,outbound,0,0
8.994552,49580,8080,TCP,SYN,3,134,44.66666666666666,1.8856180831641267,42,46,0.0,0.0,0.0,4.497276000009151,2.9963449999922886,5.998207000026014,44.66666666666666,0.3335352333279078,14.897907088646548,0,1,1,0,0,0,1,outbound,0,0
8.993342,52757,8080,TCP,SYN,3,134,44.66666666666666,1.8856180831641267,42,46,0.0,0.0,0.0,4.496671000029892,2.994396999944001,5.998945000115782,44.66666666666666,0.333580108484699,14.899911512316557,0,1,1,0,0,0,1,outbound,0,0
9.005093,64454,8080,TCP,SYN,3,134,44.66666666666666,1.8856180831641267,42,46,0.0,0.0,0.0,4.502546500007156,3.0059670000337064,5.999125999980606,44.66666666666666,0.3331448103867445,14.880468197274586,0,1,1,0,0,0,1,outbound,0,0
8.993217,56635,8080,TCP,SYN,3,134,44.66666666666666,1.8856180831641267,42,46,0.0,0.0,0.0,4.496608500136063,2.9944879999384284,5.998729000333697,44.66666666666666,0.3335847450361756,14.900118611615843,0,1,1,0,0,0,1,outbound,0,0
8.996843,52851,8080,TCP,SYN,3,134,44.66666666666666,1.8856180831641267,42,46,0.0,0.0,0.0,4.498421500000404,2.998149999999441,5.998693000001367,44.66666666666666,0.3334503002886679,14.894113412893834,0,1,1,0,0,0,1,outbound,0,0
1e-06,8080,52745,DATA-TEXT-LINES,"PSH,ACK",1,352,352.0,0.0,352,352,3.505135944739216,3.505135944739216,3.505135944739216,0.0,0.0,0.0,352.0,1000000.0,352000000.0,0,2,0,1,0,0,0,outbound,1,1
8.997055,53282,8080,TCP,SYN,3,134,44.66666666666666,1.8856180831641267,42,46,0.0,0.0,0.0,4.498527499992633,2.998641999962274,5.9984130000229925,44.66666666666666,0.3334424431105512,14.893762458937951,0,1,1,0,0,0,1,outbound,0,0
9.003218,62883,8080,TCP,SYN,3,134,44.66666666666666,1.8856180831641267,42,46,0.0,0.0,0.0,4.501608999911696,3.0044689998030663,5.998749000020325,44.66666666666666,0.3332141907482413,14.88356718675478,0,1,1,0,0,0,1,outbound,0,0
9.001857,59834,8080,TCP,SYN,3,134,44.66666666666666,1.8856180831641267,42,46,0.0,0.0,0.0,4.500928499997826,2.993057999992743,6.0087990000029095,44.66666666666666,0.3332645697437762,14.885817448555338,0,1,1,0,0,0,1,outbound,0,0
9.015452,50365,8080,TCP,SYN,3,134,44.66666666666666,1.8856180831641267,42,46,0.0,0.0,0.0,4.5077259999998205,3.0064370000000054,6.009014999999636,44.66666666666666,0.3327620179221186,14.863370133854632,0,1,1,0,0,0,1,outbound,0,0
9.004535,52731,8080,TCP,SYN,3,134,44.66666666666666,1.8856180831641267,42,46,0.0,0.0,0.0,4.502267500007292,3.006340000021737,5.998194999992847,44.66666666666666,0.3331654549624161,14.881390321654589,0,1,1,0,0,0,1,outbound,0,0
8.998591,49512,8080,TCP,SYN,3,134,44.66666666666666,1.8856180831641267,42,46,0.0,0.0,0.0,4.499295500000244,3.000498999999764,5.9980920000007245,44.66666666666666,0.3333855266896784,14.89122019213897,0,1,1,0,0,0,1,outbound,0,0
9.005141,63063,8080,TCP,SYN,3,134,44.66666666666666,1.8856180831641267,42,46,0.0,0.0,0.0,4.502570499898866,2.9970570001751184,6.008083999622613,44.66666666666666,0.3331430346287748,14.880388880085276,0,1,1,0,0,0,1,outbound,0,0
1e-06,58902,8080,HTTP,"PSH,ACK",1,455,455.0,0.0,455,455,3.521498369854974,3.521498369854974,3.521498369854974,0.0,0.0,0.0,455.0,1000000.0,455000000.0,0,2,0,1,0,1,1,outbound,1,1
8.998181,49256,8080,TCP,SYN,3,134,44.66666666666666,1.8856180831641267,42,46,0.0,0.0,0.0,4.499090499999966,2.9994510000001355,5.998729999999796,44.66666666666666,0.3334007173227566,14.891898707083133,0,1,1,0,0,0,1,outbound,0,0
8.999678,59606,8080,TCP,SYN,3,134,44.66666666666666,1.8856180831641267,42,46,0.0,0.0,0.0,4.499839000025531,3.0011930000036955,5.998485000047367,44.66666666666666,0.3333452596859577,14.88942159930611,0,1,1,0,0,0,1,outbound,0,0
8.999464,58992,8080,TCP,SYN,3,134,44.66666666666666,1.8856180831641267,42,46,0.0,0.0,0.0,4.499732000054792,3.001060999929905,5.998403000179678,44.66666666666666,0.3333531863675437,14.889775657750285,0,1,1,0,0,0,1,outbound,0,0
1e-06,8080,63703,HTTP,"PSH,ACK",1,173,173.0,0.0,173,173,3.345250583226401,3.345250583226401,3.345250583226401,0.0,0.0,0.0,173.0,1000000.0,173000000.0,0,2,0,1,0,1,0,outbound,1,1
8.999168,51846,8080,TCP,SYN,3,134,44.66666666666666,1.8856180831641267,42,46,0.0,0.0,0.0,4.499584000004688,3.000707999977749,5.998460000031628,44.66666666666666,0.33336415099707,14.89026541120246,0,1,1,0,0,0,1,outbound,0,0
8.997908,64421,8080,TCP,SYN,3,134,44.66666666666666,1.8856180831641267,42,46,0.0,0.0,0.0,4.4989540000096895,2.9993240000330843,5.998583999986295,44.66666666666666,0.333410832829142,14.89235053303501,0,1,1,0,0,0,1,outbound,0,0
1e-06,8080,49773,HTTP,"PSH,ACK",1,173,173.0,0.0,173,173,3.3301678566889232,3.3301678566889232,3.3301678566889232,0.0,0.0,0.0,173.0,1000000.0,173000000.0,0,2,0,1,0,1,0,outbound,1,1
1e-06,8080,50205,HTTP,"PSH,ACK",1,173,173.0,0.0,173,173,3.3339513545830965,3.3339513545830965,3.3339513545830965,0.0,0.0,0.0,173.0,1000000.0,173000000.0,0,2,0,1,0,1,0,outbound,1,1
1e-06,52457,8080,HTTP,"PSH,ACK",1,455,455.0,0.0,455,455,3.5110574064087565,3.5110574064087565,3.5110574064087565,0.0,0.0,0.0,455.0,1000000.0,455000000.0,0,2,0,1,0,1,1,outbound,1,1
8.995681,58704,8080,TCP,SYN,3,134,44.66666666666666,1.8856180831641267,42,46,0.0,0.0,0.0,4.497840500000166,2.996920000005048,5.998760999995284,44.66666666666666,0.3334933730976009,14.896037331692844,0,1,1,0,0,0,1,outbound,0,0
8.998258,55696,8080,TCP,SYN,3,134,44.66666666666666,1.8856180831641267,42,46,0.0,0.0,0.0,4.499128999996174,2.999582000004011,5.998675999988336,44.66666666666666,0.3333978643421871,14.891771273951026,0,1,1,0,0,0,1,outbound,0,0
1e-06,8080,49665,HTTP,"PSH,ACK",1,173,173.0,0.0,173,173,3.334345098571532,3.334345098571532,3.334345098571532,0.0,0.0,0.0,173.0,1000000.0,173000000.0,0,2,0,1,0,1,0,outbound,1,1
8.997706,59233,8080,TCP,SYN,3,134,44.66666666666666,1.8856180831641267,42,46,0.0,0.0,0.0,4.498852999997325,2.9989019999920856,5.998804000002565,44.66666666666666,0.3334183179579328,14.892684868787663,0,1,1,0,0,0,1,outbound,0,0
1e-06,53888,8080,HTTP,"PSH,ACK",1,455,455.0,0.0,455,455,3.508475437400425,3.508475437400425,3.508475437400425,0.0,0.0,0.0,455.0,1000000.0,455000000.0,0,2,0,1,0,1,1,outbound,1,1
9.002963,56865,8080,TCP,SYN,3,134,44.66666666666666,1.8856180831641267,42,46,0.0,0.0,0.0,4.501481499995862,3.0043839999998454,5.998578999991878,44.66666666666666,0.3332236287097925,14.8839887490374,0,1,1,0,0,0,1,outbound,0,0
1e-06,8080,53720,DATA-TEXT-LINES,"PSH,ACK",1,752,752.0,0.0,752,752,3.275156859022793,3.275156859022793,3.275156859022793,0.0,0.0,0.0,752.0,1000000.0,752000000.0,0,2,0,1,0,0,0,outbound,1,1
1e-06,49853,8080,HTTP,"PSH,ACK",1,455,455.0,0.0,455,455,3.513910028324927,3.513910028324927,3.513910028324927,0.0,0.0,0.0,455.0,1000000.0,455000000.0,0,2,0,1,0,1,1,outbound,1,1
9.00299,59062,8080,TCP,SYN,3,134,44.66666666666666,1.8856180831641267,42,46,0.0,0.0,0.0,4.50149500000407,3.004504000011366,5.998485999996774,44.66666666666666,0.3332226293709089,14.8839441119006,0,1,1,0,0,0,1,outbound,0,0
1e-06,49830,8080,HTTP,"PSH,ACK",1,455,455.0,0.0,455,455,3.517758442826945,3.517758442826945,3.517758442826945,0.0,0.0,0.0,455.0,1000000.0,455000000.0,0,2,0,1,0,1,1,outbound,1,1
9.001441,49164,8080,TCP,SYN,3,134,44.66666666666666,1.8856180831641267,42,46,0.0,0.0,0.0,4.500720500014722,3.002820000052452,5.998620999976993,44.66666666666666,0.3332799715067843,14.8865053939697,0,1,1,0,0,0,1,outbound,0,0
9.004717,60879,8080,TCP,SYN,3,134,44.66666666666666,1.8856180831641267,42,46,0.0,0.0,0.0,4.502358499914408,3.0065429997630417,5.998174000065774,44.66666666666666,0.3331587211458172,14.881089544513172,0,1,1,0,0,0,1,outbound,0,0
9.001883,62768,8080,TCP,SYN,3,134,44.66666666666666,1.8856180831641267,42,46,0.0,0.0,0.0,4.500941500009503,2.992943000048399,6.008939999970608,44.66666666666666,0.3332636071808532,14.885774454078108,0,1,1,0,0,0,1,outbound,0,0
18.674115,60414,8080,TCP,"SYN,RST",4,168,42.0,4.898979485566356,34,46,0.0,0.0,0.0,6.2247049999423325,3.000864999834448,9.674387000035496,42.0,0.2142002445631292,8.996410271651428,0,2,1,0,0,0,1,outbound,0,0
9.00049,65294,8080,TCP,SYN,3,134,44.66666666666666,1.8856180831641267,42,46,0.0,0.0,0.0,4.500245000002906,3.0022359999711625,5.998254000034649,44.66666666666666,0.3333151861731973,14.888078315736143,0,1,1,0,0,0,1,outbound,0,0
8.999767,60779,8080,TCP,SYN,3,134,44.66666666666666,1.8856180831641267,42,46,0.0,0.0,0.0,4.499883499986026,3.0010809999657795,5.998686000006273,44.66666666666666,0.3333419631863802,14.889274355658316,0,1,1,0,0,0,1,outbound,0,0
8.999495,50420,8080,TCP,SYN,3,134,44.66666666666666,1.8856180831641267,42,46,0.0,0.0,0.0,4.499747500000012,3.001167000002169,5.998327999997855,44.66666666666666,0.3333520380865815,14.88972436786731,0,1,1,0,0,0,1,outbound,0,0
1e-06,8080,53325,HTTP,"PSH,ACK",1,173,173.0,0.0,173,173,3.326759590143842,3.326759590143842,3.326759590143842,0.0,0.0,0.0,173.0,1000000.0,173000000.0,0,2,0,1,0,1,0,outbound,1,1
8.995987,51053,8080,TCP,SYN,3,134,44.66666666666666,1.8856180831641267,42,46,0.0,0.0,0.0,4.497993500204757,2.997444000095129,5.998543000314385,44.66666666666666,0.3334820292648267,14.89553064049559,0,1,1,0,0,0,1,outbound,0,0
9.014964,60987,8080,TCP,SYN,3,134,44.66666666666666,1.8856180831641267,42,46,0.0,0.0,0.0,4.507482000000891,3.0065079999913,6.008456000010483,44.66666666666666,0.3327800310683437,14.864174721052684,0,1,1,0,0,0,1,outbound,0,0
1e-06,8080,59478,DATA-TEXT-LINES,"PSH,ACK",1,752,752.0,0.0,752,752,3.276551098410681,3.276551098410681,3.276551098410681,0.0,0.0,0.0,752.0,1000000.0,752000000.0,0,2,0,1,0,0,0,outbound,1,1
1e-06,8080,50973,HTTP,"PSH,ACK",1,173,173.0,0.0,173,173,3.3330537489744736,3.3330537489744736,3.3330537489744736,0.0,0.0,0.0,173.0,1000000.0,173000000.0,0,2,0,1,0,1,0,outbound,1,1
9.002428,64514,8080,TCP,SYN,3,134,44.66666666666666,1.8856180831641267,42,46,0.0,0.0,0.0,4.501213999930769,3.0038259997963905,5.998602000065148,44.66666666666666,0.3332434316608808,14.884873280852675,0,1,1,0,0,0,1,outbound,0,0
1e-06,8080,51248,DATA-TEXT-LINES,"PSH,ACK",1,752,752.0,0.0,752,752,3.274435754351193,3.274435754351193,3.274435754351193,0.0,0.0,0.0,752.0,1000000.0,752000000.0,0,2,0,1,0,0,0,outbound,1,1
8.998139,57938,8080,TCP,SYN,3,134,44.66666666666666,1.8856180831641267,42,46,0.0,0.0,0.0,4.4990695000160486,2.9996210001409054,5.998517999891192,44.66666666666666,0.3334022735145567,14.891968216983534,0,1,1,0,0,0,1,outbound,0,0
0.256256,52773,80,TCP,"FIN,SYN,PSH,ACK",5,423,84.6,95.31337786480972,34,275,0.66766460226717,0.0,3.33832301133585,0.0640640000347048,0.0001050001010298,0.1281290000770241,84.6,19.511738261738262,1650.693056943057,1,4,1,1,1,0,1,outbound,0,0
1e-06,8080,51165,HTTP,"PSH,ACK",1,173,173.0,0.0,173,173,3.3383770929737047,3.3383770929737047,3.3383770929737047,0.0,0.0,0.0,173.0,1000000.0,173000000.0,0,2,0,1,0,1,0,outbound,1,1
1e-06,8080,52341,DATA-TEXT-LINES,"PSH,ACK",1,352,352.0,0.0,352,352,3.5040741464247387,3.5040741464247387,3.5040741464247387,0.0,0.0,0.0,352.0,1000000.0,352000000.0,0,2,0,1,0,0,0,outbound,1,1
8.997,61270,8080,TCP,SYN,3,134,44.66666666666666,1.8856180831641267,42,46,0.0,0.0,0.0,4.4984999999869615,2.997990000061691,5.999009999912232,44.66666666666666,0.3334444814938312,14.893853506724463,0,1,1,0,0,0,1,outbound,0,0
1e-06,8080,49723,DATA-TEXT-LINES,"PSH,ACK",1,352,352.0,0.0,352,352,3.4974160047158507,3.4974160047158507,3.4974160047158507,0.0,0.0,0.0,352.0,1000000.0,352000000.0,0,2,0,1,0,0,0,outbound,1,1
8.996023,49338,8080,TCP,SYN,3,134,44.66666666666666,1.8856180831641267,42,46,0.0,0.0,0.0,4.498011500000075,2.997509000000264,5.998513999999886,44.66666666666666,0.333480694747001,14.895471032032711,0,1,1,0,0,0,1,outbound,0,0
9.004596,59667,8080,TCP,SYN,3,134,44.66666666666666,1.8856180831641267,42,46,0.0,0.0,0.0,4.502297999992152,3.00536299997475,5.9992330000095535,44.66666666666666,0.333163197993558,14.881289510378924,0,1,1,0,0,0,1,outbound,0,0
8.995034,59499,8080,TCP,SYN,3,134,44.66666666666666,1.8856180831641267,42,46,0.0,0.0,0.0,4.497517000010703,2.9961810000240803,5.998852999997325,44.66666666666666,0.3335173608015267,14.897108782468193,0,1,1,0,0,0,1,outbound,0,0
1e-06,8080,60678,DATA-TEXT-LINES,"PSH,ACK",1,752,752.0,0.0,752,752,3.2738239864599663,3.2738239864599663,3.2738239864599663,0.0,0.0,0.0,752.0,1000000.0,752000000.0,0,2,0,1,0,0,0,outbound,1,1
1e-06,61543,8080,HTTP,"PSH,ACK",1,456,456.0,0.0,456,456,3.509856750331702,3.509856750331702,3.509856750331702,0.0,0.0,0.0,456.0,1000000.0,456000000.0,0,2,0,1,0,1,1,outbound,1,1
1e-06,8080,50362,DATA-TEXT-LINES,"PSH,ACK",1,352,352.0,0.0,352,352,3.5024211779347376,3.5024211779347376,3.5024211779347376,0.0,0.0,0.0,352.0,1000000.0,352000000.0,0,2,0,1,0,0,0,outbound,1,1
1e-06,8080,63450,DATA-TEXT-LINES,"PSH,ACK",1,752,752.0,0.0,752,752,3.273813416981524,3.273813416981524,3.273813416981524,0.0,0.0,0.0,752.0,1000000.0,752000000.0,0,2,0,1,0,0,0,outbound,1,1
9.002669,62381,8080,TCP,SYN,3,134,44.66666666666666,1.8856180831641267,42,46,0.0,0.0,0.0,4.501334499975201,3.0042909999610856,5.998377999989316,44.66666666666666,0.3332345107878564,14.884474815190918,0,1,1,0,0,0,1,outbound,0,0
1e-06,50248,8080,HTTP,"PSH,ACK",1,456,456.0,0.0,456,456,3.5207166184066625,3.5207166184066625,3.5207166184066625,0.0,0.0,0.0,456.0,1000000.0,456000000.0,0,2,0,1,0,1,1,outbound,1,1
8.99963,49875,8080,TCP,SYN,3,134,44.66666666666666,1.8856180831641267,42,46,0.0,0.0,0.0,4.499815000002855,2.991208999999799,6.00842100000591,44.66666666666666,0.3333470376004347,14.889501012819416,0,1,1,0,0,0,1,outbound,0,0
9.001217,56776,8080,TCP,SYN,3,134,44.66666666666666,1.8856180831641267,42,46,0.0,0.0,0.0,4.50060850000591,2.9930610000010347,6.008156000010786,44.66666666666666,0.3332882653534516,14.886875852454173,0,1,1,0,0,0,1,outbound,0,0
9.003432,61769,8080,TCP,SYN,3,134,44.66666666666666,1.8856180831641267,42,46,0.0,0.0,0.0,4.501715999998851,3.004904999979772,5.99852700001793,44.66666666666666,0.3332062706754491,14.883213423503392,0,1,1,0,0,0,1,outbound,0,0
9.001283,55984,8080,TCP,SYN,3,134,44.66666666666666,1.8856180831641267,42,46,0.0,0.0,0.0,4.50064150000253,3.0026830000133486,5.998599999991711,44.66666666666666,0.333285821587878,14.886766697591886,0,1,1,0,0,0,1,outbound,0,0
9.006116,58959,8080,TCP,SYN,3,134,44.66666666666666,1.8856180831641267,42,46,0.0,0.0,0.0,4.503058000002056,2.9969409997574985,6.009175000246614,44.66666666666666,0.3331069686421982,14.878777932684857,0,1,1,0,0,0,1,outbound,0,0
9.000205,62900,8080,TCP,SYN,3,134,44.66666666666666,1.8856180831641267,42,46,0.0,0.0,0.0,4.500102499994682,2.9917020000284538,6.008502999960911,44.66666666666666,0.3333257409136792,14.888549760811005,0,1,1,0,0,0,1,outbound,0,0
8.992938,49400,8080,TCP,SYN,3,134,44.66666666666666,1.8856180831641267,42,46,0.0,0.0,0.0,4.496469000005163,2.9940760000026785,5.998862000007648,44.66666666666666,0.3335950942839815,14.90058087801784,0,1,1,0,0,0,1,outbound,0,0
1e-06,58930,8080,TCP,SYN,1,46,46.0,0.0,46,46,0.0,0.0,0.0,0.0,0.0,0.0,46.0,1000000.0,46000000.0,0,1,1,0,0,0,1,outbound,1,1
8.998959,58691,8080,TCP,SYN,3,134,44.66666666666666,1.8856180831641267,42,46,0.0,0.0,0.0,4.499479500023881,3.000817000051029,5.998141999996733,44.66666666666666,0.3333718933489974,14.890611236255216,0,1,1,0,0,0,1,outbound,0,0
1e-06,8080,50028,DATA-TEXT-LINES,"PSH,ACK",1,352,352.0,0.0,352,352,3.5050413605297304,3.5050413605297304,3.5050413605297304,0.0,0.0,0.0,352.0,1000000.0,352000000.0,0,2,0,1,0,0,0,outbound,1,1
8.998889,50956,8080,TCP,SYN,3,134,44.66666666666666,1.8856180831641267,42,46,0.0,0.0,0.0,4.499444499999299,3.000370000001567,5.998518999997032,44.66666666666666,0.3333744865616189,14.890727066418975,0,1,1,0,0,0,1,outbound,0,0
1e-06,62946,8080,HTTP,"PSH,ACK",1,455,455.0,0.0,455,455,3.5119345194879807,3.5119345194879807,3.5119345194879807,0.0,0.0,0.0,455.0,1000000.0,455000000.0,0,2,0,1,0,1,1,outbound,1,1
9.015896,52061,8080,TCP,SYN,3,134,44.66666666666666,1.8856180831641267,42,46,0.0,0.0,0.0,4.507947999984026,3.007075000088662,6.00882099987939,44.66666666666666,0.3327456306062093,14.86263816707735,0,1,1,0,0,0,1,outbound,0,0
1e-06,50188,8080,HTTP,"PSH,ACK",1,456,456.0,0.0,456,456,3.5110148267593204,3.5110148267593204,3.5110148267593204,0.0,0.0,0.0,456.0,1000000.0,456000000.0,0,2,0,1,0,1,1,outbound,1,1
9.00034,53059,8080,TCP,SYN,3,134,44.66666666666666,1.8856180831641267,42,46,0.0,0.0,0.0,4.500170000013895,2.9919849999714643,6.008355000056326,44.66666666666666,0.3333207412164429,14.888326441001118,0,1,1,0,0,0,1,outbound,0,0
9.00632,63279,8080,TCP,SYN,3,134,44.66666666666666,1.8856180831641267,42,46,0.0,0.0,0.0,4.503159999992931,2.9984800000092946,6.007839999976568,44.66666666666666,0.333099423515931,14.87844091704492,0,1,1,0,0,0,1,outbound,0,0
1e-06,52506,8080,TCP,SYN,1,46,46.0,0.0,46,46,0.0,0.0,0.0,0.0,0.0,0.0,46.0,1000000.0,46000000.0,0,1,1,0,0,0,1,outbound,1,1
1e-06,8080,59898,DATA-TEXT-LINES,"PSH,ACK",1,752,752.0,0.0,752,752,3.274082801658649,3.274082801658649,3.274082801658649,0.0,0.0,0.0,752.0,1000000.0,752000000.0,0,2,0,1,0,0,0,outbound,1,1
9.003026,59217,8080,TCP,SYN,3,134,44.66666666666666,1.8856180831641267,42,46,0.0,0.0,0.0,4.501512999995612,3.0042539999994915,5.998771999991732,44.66666666666666,0.3332212969283883,14.883884596134678,0,1,1,0,0,0,1,outbound,0,0
1e-06,8080,56562,DATA-TEXT-LINES,"PSH,ACK",1,752,752.0,0.0,752,752,3.273734407404336,3.273734407404336,3.273734407404336,0.0,0.0,0.0,752.0,1000000.0,752000000.0,0,2,0,1,0,0,0,outbound,1,1
20.261951,58029,8080,TCP,"SYN,RST,ACK",5,182,36.4,4.8,34,46,0.0,0.0,0.0,5.065487749991007,0.0169970002025365,14.798581999726592,36.4,0.2467679445084039,8.982353180105903,0,3,1,1,0,0,1,outbound,0,0
1e-06,8080,50040,DATA-TEXT-LINES,"PSH,ACK",1,352,352.0,0.0,352,352,3.501445659658193,3.501445659658193,3.501445659658193,0.0,0.0,0.0,352.0,1000000.0,352000000.0,0,2,0,1,0,0,0,outbound,1,1
1e-06,63415,8080,HTTP,"PSH,ACK",1,456,456.0,0.0,456,456,3.5236298601087914,3.5236298601087914,3.5236298601087914,0.0,0.0,0.0,456.0,1000000.0,456000000.0,0,2,0,1,0,1,1,outbound,1,1
1e-06,62694,8080,HTTP,"PSH,ACK",1,455,455.0,0.0,455,455,3.539903545254823,3.539903545254823,3.539903545254823,0.0,0.0,0.0,455.0,1000000.0,455000000.0,0,2,0,1,0,1,1,outbound,1,1
161.693478,58854,8080,TCP,"SYN,RST,ACK",5,182,36.4,4.8,34,46,0.0,0.0,0.0,40.42336949997116,0.3855979996733367,145.55762100033462,36.4,0.0309227067278495,1.1255865248937251,0,3,1,1,0,0,1,outbound,0,0
1e-06,8080,63343,HTTP,"PSH,ACK",1,173,173.0,0.0,173,173,3.335093268612864,3.335093268612864,3.335093268612864,0.0,0.0,0.0,173.0,1000000.0,173000000.0,0,2,0,1,0,1,0,outbound,1,1
9.004895,54148,8080,TCP,SYN,3,134,44.66666666666666,1.8856180831641267,42,46,0.0,0.0,0.0,4.502447499995469,2.996178000001237,6.008716999989701,44.66666666666666,0.3331521355884771,14.880795389618648,0,1,1,0,0,0,1,outbound,0,0
9.013352,49912,8080,TCP,SYN,3,134,44.66666666666666,1.8856180831641267,42,46,0.0,0.0,0.0,4.506675999844447,3.0053459997288883,6.008005999960005,44.66666666666666,0.3328395473737184,14.866833116026092,0,1,1,0,0,0,1,outbound,0,0
1e-06,8080,61963,HTTP,"PSH,ACK",1,173,173.0,0.0,173,173,3.352987876549869,3.352987876549869,3.352987876549869,0.0,0.0,0.0,173.0,1000000.0,173000000.0,0,2,0,1,0,1,0,outbound,1,1
8.99618,61816,8080,TCP,SYN,3,134,44.66666666666666,1.8856180831641267,42,46,0.0,0.0,0.0,4.498090000008233,2.9980429999995977,5.998137000016868,44.66666666666666,0.3334748748913427,14.895211078479976,0,1,1,0,0,0,1,outbound,0,0
9.003116,53668,8080,TCP,SYN,3,134,44.66666666666666,1.8856180831641267,42,46,0.0,0.0,0.0,4.50155800000357,3.004551999998512,5.998564000008628,44.66666666666666,0.3332179658687059,14.883735808802196,0,1,1,0,0,0,1,outbound,0,0
8.997094,55565,8080,TCP,SYN,3,134,44.66666666666666,1.8856180831641267,42,46,0.0,0.0,0.0,4.498546999995597,2.998442000010982,5.998651999980211,44.66666666666666,0.3334409977265992,14.893697898454766,0,1,1,0,0,0,1,outbound,0,0
8.996168,60925,8080,TCP,SYN,3,134,44.66666666666666,1.8856180831641267,42,46,0.0,0.0,0.0,4.498084000006202,2.9976450000249315,5.998522999987472,44.66666666666666,0.3334753197139048,14.895230947221082,0,1,1,0,0,0,1,outbound,0,0
152.13127,62802,8080,TCP,"SYN,RST,ACK",5,182,36.4,4.8,34,46,0.0,0.0,0.0,38.03281750006136,0.4109610002487898,135.83898600004613,36.4,0.0328663528543474,1.1963352438982466,0,3,1,1,0,0,1,outbound,0,0
9.005604,58309,8080,TCP,SYN,3,134,44.66666666666666,1.8856180831641267,42,46,0.0,0.0,0.0,4.502801999988151,3.006786999991164,5.998816999985138,44.66666666666666,0.3331259069352816,14.879623843109249,0,1,1,0,0,0,1,outbound,0,0
8.999427,63128,8080,TCP,SYN,3,134,44.66666666666666,1.8856180831641267,42,46,0.0,0.0,0.0,4.499713500001235,3.0009090000239667,5.998517999978503,44.66666666666666,0.3333545569067897,14.88983687516994,0,1,1,0,0,0,1,outbound,0,0
1e-06,8080,52577,DATA-TEXT-LINES,"PSH,ACK",1,352,352.0,0.0,352,352,3.503987417808313,3.503987417808313,3.503987417808313,0.0,0.0,0.0,352.0,1000000.0,352000000.0,0,2,0,1,0,0,0,outbound,1,1
9.002963,59519,8080,TCP,SYN,3,134,44.66666666666666,1.8856180831641267,42,46,0.0,0.0,0.0,4.501481499988586,3.0043929999810643,5.998569999996107,44.66666666666666,0.3332236287097925,14.8839887490374,0,1,1,0,0,0,1,outbound,0,0
8.99671,53877,8080,TCP,SYN,3,134,44.66666666666666,1.8856180831641267,42,46,0.0,0.0,0.0,4.4983549999960815,2.9978029999911087,5.998907000001054,44.66666666666666,0.3334552297450957,14.89433359528094,0,1,1,0,0,0,1,outbound,0,0
1e-06,59923,8080,HTTP,"PSH,ACK",1,456,456.0,0.0,456,456,3.5145976192020623,3.5145976192020623,3.5145976192020623,0.0,0.0,0.0,456.0,1000000.0,456000000.0,0,2,0,1,0,1,1,outbound,1,1
9.001168,65267,8080,TCP,SYN,3,134,44.66666666666666,1.8856180831641267,42,46,0.0,0.0,0.0,4.500584000023082,3.002751000050921,5.998416999995243,44.66666666666666,0.3332900796874361,14.88695689270548,0,1,1,0,0,0,1,outbound,0,0
152.436267,65190,8080,TCP,"SYN,RST,ACK",4,148,37.0,5.196152422706632,34,46,0.0,0.0,0.0,50.81208900005246,0.585103000048548,150.70702600013465,37.0,0.0262404746503009,0.9708975620611334,0,3,1,1,0,0,1,outbound,0,0
1e-06,8080,63907,HTTP,"PSH,ACK",1,173,173.0,0.0,173,173,3.347001789071403,3.347001789071403,3.347001789071403,0.0,0.0,0.0,173.0,1000000.0,173000000.0,0,2,0,1,0,1,0,outbound,1,1
8.994454,61776,8080,TCP,SYN,3,134,44.66666666666666,1.8856180831641267,42,46,0.0,0.0,0.0,4.497226999999839,2.995834000001196,5.998619999998482,44.66666666666666,0.3335388673953972,14.898069410327745,0,1,1,0,0,0,1,outbound,0,0
9.001474,51977,8080,TCP,SYN,3,134,44.66666666666666,1.8856180831641267,42,46,0.0,0.0,0.0,4.500737000023946,3.002603000029921,5.998871000017971,44.66666666666666,0.3332787496803301,14.886450819054746,0,1,1,0,0,0,1,outbound,0,0
1e-06,50928,8080,HTTP,"PSH,ACK",1,456,456.0,0.0,456,456,3.508551759381989,3.508551759381989,3.508551759381989,0.0,0.0,0.0,456.0,1000000.0,456000000.0,0,2,0,1,0,1,1,outbound,1,1
1e-06,8080,50781,HTTP,"PSH,ACK",1,173,173.0,0.0,173,173,3.3245519510250063,3.3245519510250063,3.3245519510250063,0.0,0.0,0.0,173.0,1000000.0,173000000.0,0,2,0,1,0,1,0,outbound,1,1
8.998709,57674,8080,TCP,SYN,3,134,44.66666666666666,1.8856180831641267,42,46,0.0,0.0,0.0,4.499354499857873,3.000180999748409,5.998527999967337,44.66666666666666,0.3333811550079017,14.891024923686276,0,1,1,0,0,0,1,outbound,0,0
9.008672,56078,8080,TCP,SYN,3,134,44.66666666666666,1.8856180831641267,42,46,0.0,0.0,0.0,4.504335999954492,3.000109999906272,6.008562000002712,44.66666666666666,0.3330124573300038,14.874556427406835,0,1,1,0,0,0,1,outbound,0,0
9.000043,53104,8080,TCP,SYN,3,134,44.66666666666666,1.8856180831641267,42,46,0.0,0.0,0.0,4.500021500047296,3.0012839999981225,5.99875900009647,44.66666666666666,0.3333317407483497,14.88881775342629,0,1,1,0,0,0,1,outbound,0,0
1e-06,8080,49921,DATA-TEXT-LINES,"PSH,ACK",1,352,352.0,0.0,352,352,3.4988456980967664,3.4988456980967664,3.4988456980967664,0.0,0.0,0.0,352.0,1000000.0,352000000.0,0,2,0,1,0,0,0,outbound,1,1
1e-06,8080,62083,HTTP,"PSH,ACK",1,173,173.0,0.0,173,173,3.352853657207441,3.352853657207441,3.352853657207441,0.0,0.0,0.0,173.0,1000000.0,173000000.0,0,2,0,1,0,1,0,outbound,1,1
1e-06,80,53306,DATA-TEXT-LINES,"PSH,ACK",1,810,810.0,0.0,810,810,3.322717028143987,3.322717028143987,3.322717028143987,0.0,0.0,0.0,810.0,1000000.0,810000000.0,0,2,0,1,0,0,0,outbound,1,1
8.992397,63950,8080,TCP,SYN,3,134,44.66666666666666,1.8856180831641267,42,46,0.0,0.0,0.0,4.496198499982711,2.993415999982972,5.99898099998245,44.66666666666666,0.3336151640102188,14.901477325789775,0,1,1,0,0,0,1,outbound,0,0
8.996734,60264,8080,TCP,SYN,3,134,44.66666666666666,1.8856180831641267,42,46,0.0,0.0,0.0,4.498366999992868,2.9979679999814834,5.998766000004252,44.66666666666666,0.3334543402083467,14.894293862639486,0,1,1,0,0,0,1,outbound,0,0
1e-06,8080,59169,HTTP,"PSH,ACK",1,173,173.0,0.0,173,173,3.349515525889257,3.349515525889257,3.349515525889257,0.0,0.0,0.0,173.0,1000000.0,173000000.0,0,2,0,1,0,1,0,outbound,1,1
8.993959,62428,8080,TCP,SYN,3,134,44.66666666666666,1.8856180831641267,42,46,0.0,0.0,0.0,4.496979500007001,2.995431999996072,5.99852700001793,44.66666666666666,0.333557224354703,14.898889354510066,0,1,1,0,0,0,1,outbound,0,0
9.002093,49422,8080,TCP,SYN,3,134,44.66666666666666,1.8856180831641267,42,46,0.0,0.0,0.0,4.50104650000867,3.004015000013169,5.9980780000041705,44.66666666666666,0.3332558328379855,14.885427200096688,0,1,1,0,0,0,1,outbound,0,0
1e-06,8080,54128,TCP,"SYN,ACK",1,38,38.0,0.0,38,38,0.0,0.0,0.0,0.0,0.0,0.0,38.0,1000000.0,38000000.0,0,2,1,1,0,0,0,outbound,1,1
0.319885,50504,80,TCP,"FIN,SYN,PSH,ACK",5,412,82.4,90.91886492912238,34,264,0.667294289113487,0.0,3.336471445567435,0.0799712499720044,0.0001379998866468,0.1652720000129193,82.4,15.630617253075323,1287.962861653407,1,4,1,1,1,0,1,outbound,0,0
1e-06,8080,57525,HTTP,"PSH,ACK",1,173,173.0,0.0,173,173,3.3476875193910325,3.3476875193910325,3.3476875193910325,0.0,0.0,0.0,173.0,1000000.0,173000000.0,0,2,0,1,0,1,0,outbound,1,1
8.99765,62766,8080,TCP,SYN,3,134,44.66666666666666,1.8856180831641267,42,46,0.0,0.0,0.0,4.49882500001695,2.9991980000049807,5.998452000028919,44.66666666666666,0.3334203931026435,14.892777558584742,0,1,1,0,0,0,1,outbound,0,0
8.999767,58333,8080,TCP,SYN,3,134,44.66666666666666,1.8856180831641267,42,46,0.0,0.0,0.0,4.499883500000578,3.001113999984227,5.99865300001693,44.66666666666666,0.3333419631863802,14.889274355658316,0,1,1,0,0,0,1,outbound,0,0
161.545831,56358,8080,TCP,"SYN,RST,ACK",5,182,36.4,4.8,34,46,0.0,0.0,0.0,40.38645774999168,0.3166489996947348,145.54370199982077,36.4,0.0309509689544386,1.1266152699415686,0,3,1,1,0,0,1,outbound,0,0
1e-06,8080,50588,DATA-TEXT-LINES,"PSH,ACK",1,352,352.0,0.0,352,352,3.4929199984624733,3.4929199984624733,3.4929199984624733,0.0,0.0,0.0,352.0,1000000.0,352000000.0,0,2,0,1,0,0,0,outbound,1,1
9.000709,60733,8080,TCP,SYN,3,134,44.66666666666666,1.8856180831641267,42,46,0.0,0.0,0.0,4.500354499992682,3.002623999986099,5.998084999999264,44.66666666666666,0.3333070761425571,14.887716067700888,0,1,1,0,0,0,1,outbound,0,0
1e-06,49787,8080,TCP,SYN,1,46,46.0,0.0,46,46,0.0,0.0,0.0,0.0,0.0,0.0,46.0,1000000.0,46000000.0,0,1,1,0,0,0,1,outbound,1,1
1e-06,59286,8080,HTTP,"PSH,ACK",1,455,455.0,0.0,455,455,3.506980810570101,3.506980810570101,3.506980810570101,0.0,0.0,0.0,455.0,1000000.0,455000000.0,0,2,0,1,0,1,1,outbound,1,1
9.007561,52607,8080,TCP,SYN,3,134,44.66666666666666,1.8856180831641267,42,46,0.0,0.0,0.0,4.503780500002904,2.9989760000025854,6.008585000003222,44.66666666666666,0.3330535313610421,14.87639106745988,0,1,1,0,0,0,1,outbound,0,0
1e-06,63679,8080,HTTP,"PSH,ACK",1,456,456.0,0.0,456,456,3.5089758695489075,3.5089758695489075,3.5089758695489075,0.0,0.0,0.0,456.0,1000000.0,456000000.0,0,2,0,1,0,1,1,outbound,1,1
8.998737,64578,8080,TCP,SYN,3,134,44.66666666666666,1.8856180831641267,42,46,0.0,0.0,0.0,4.49936849999358,2.9997389999916777,5.998997999995481,44.66666666666666,0.3333801176765139,14.890978589550956,0,1,1,0,0,0,1,outbound,0,0
8.999431,55911,8080,TCP,SYN,3,134,44.66666666666666,1.8856180831641267,42,46,0.0,0.0,0.0,4.49971549998736,3.0005699999746867,5.9988610000000335,44.66666666666666,0.3333544087398414,14.889830257046253,0,1,1,0,0,0,1,outbound,0,0
9.007411,50936,8080,TCP,SYN,3,134,44.66666666666666,1.8856180831641267,42,46,0.0,0.0,0.0,4.5037054999993416,3.0084700000006706,5.998940999998013,44.66666666666666,0.3330590776861409,14.876638803314297,0,1,1,0,0,0,1,outbound,0,0
8.996427,56338,8080,TCP,SYN,3,134,44.66666666666666,1.8856180831641267,42,46,0.0,0.0,0.0,4.4982135000173,2.9974829996936023,5.998944000340998,44.66666666666666,0.3334657192238652,14.894802125332644,0,1,1,0,0,0,1,outbound,0,0
8.996432,53009,8080,TCP,SYN,3,134,44.66666666666666,1.8856180831641267,42,46,0.0,0.0,0.0,4.498215999919921,2.9981220001354814,5.998309999704361,44.66666666666666,0.3334655338916583,14.89479384716074,0,1,1,0,0,0,1,outbound,0,0
8.998278,65072,8080,TCP,SYN,3,134,44.66666666666666,1.8856180831641267,42,46,0.0,0.0,0.0,4.499138999992283,2.999560000025668,5.998717999958899,44.66666666666666,0.3333971233162611,14.891738174792998,0,1,1,0,0,0,1,outbound,0,0
1e-06,8080,50313,DATA-TEXT-LINES,"PSH,ACK",1,352,352.0,0.0,352,352,3.502550066449368,3.502550066449368,3.502550066449368,0.0,0.0,0.0,352.0,1000000.0,352000000.0,0,2,0,1,0,0,0,outbound,1,1
8.996045,59014,8080,TCP,SYN,3,134,44.66666666666666,1.8856180831641267,42,46,0.0,0.0,0.0,4.498022499959916,2.9971150001510978,5.998929999768734,44.66666666666666,0.3334798792135877,14.895434604873586,0,1,1,0,0,0,1,outbound,0,0
9.001326,50628,8080,TCP,SYN,3,134,44.66666666666666,1.8856180831641267,42,46,0.0,0.0,0.0,4.5006630000007135,3.0023780000010447,5.998948000000382,44.66666666666666,0.33328422945686,14.886695582406414,0,1,1,0,0,0,1,outbound,0,0
8.99818,50248,8080,TCP,SYN,3,134,44.66666666666666,1.8856180831641267,42,46,0.0,0.0,0.0,4.499089999999342,3.000252999998338,5.997927000000345,44.66666666666666,0.3334007543747735,14.89190036207322,0,1,1,0,0,0,1,outbound,0,0
9.002845,49465,8080,TCP,SYN,3,134,44.66666666666666,1.8856180831641267,42,46,0.0,0.0,0.0,4.501422500004992,3.004211999999825,5.998633000010159,44.66666666666666,0.3332279962611819,14.884183832999456,0,1,1,0,0,0,1,outbound,0,0
8.996138,49956,8080,TCP,SYN,3,134,44.66666666666666,1.8856180831641267,42,46,0.0,0.0,0.0,4.498069000197575,2.997022000141442,5.999116000253707,44.66666666666666,0.3334764317755019,14.895280619305751,0,1,1,0,0,0,1,outbound,0,0
31.0047,50762,80,TCP,"FIN,SYN,PSH,ACK",5,419,83.8,93.71531358321327,34,271,0.6710195384351945,0.0,3.3550976921759723,7.75117499998305,0.0001109999138861,30.75423699989915,83.8,0.16126587259351,13.51408012333614,1,4,1,1,1,0,1,outbound,0,0
1e-06,8080,62119,HTTP,"PSH,ACK",1,173,173.0,0.0,173,173,3.34762245568625,3.34762245568625,3.34762245568625,0.0,0.0,0.0,173.0,1000000.0,173000000.0,0,2,0,1,0,1,0,outbound,1,1
9.00305,64389,8080,TCP,SYN,3,134,44.66666666666666,1.8856180831641267,42,46,0.0,0.0,0.0,4.501524999999674,2.994544000015594,6.008505999983754,44.66666666666666,0.3332204086392945,14.88384491922182,0,1,1,0,0,0,1,outbound,0,0
1e-06,8080,59058,DATA-TEXT-LINES,"PSH,ACK",1,752,752.0,0.0,752,752,3.27621793887378,3.27621793887378,3.27621793887378,0.0,0.0,0.0,752.0,1000000.0,752000000.0,0,2,0,1,0,0,0,outbound,1,1
8.995345,62854,8080,TCP,SYN,3,134,44.66666666666666,1.8856180831641267,42,46,0.0,0.0,0.0,4.49767249985598,2.9968519997783005,5.99849299993366,44.66666666666666,0.3335058299598292,14.896593738205704,0,1,1,0,0,0,1,outbound,0,0
8.995241,61136,8080,TCP,SYN,3,134,44.66666666666666,1.8856180831641267,42,46,0.0,0.0,0.0,4.497620499998448,2.9963559999887366,5.998885000008158,44.66666666666666,0.3335096858438812,14.896765967693362,0,1,1,0,0,0,1,outbound,0,0
9.008941,53020,8080,TCP,SYN,3,134,44.66666666666666,1.8856180831641267,42,46,0.0,0.0,0.0,4.504470500163734,3.000618000049144,6.008323000278324,44.66666666666666,0.3330025138359769,14.874112284673636,0,1,1,0,0,0,1,outbound,0,0
9.00724,49157,8080,TCP,SYN,3,134,44.66666666666666,1.8856180831641267,42,46,0.0,0.0,0.0,4.503619999857619,2.998401999939233,6.008837999776006,44.66666666666666,0.3330654007220858,14.876921232253164,0,1,1,0,0,0,1,outbound,0,0
8.999137,51395,8080,TCP,SYN,3,134,44.66666666666666,1.8856180831641267,42,46,0.0,0.0,0.0,4.499568500003079,2.999896000023,5.999240999983158,44.66666666666666,0.3333652993614832,14.890316704812918,0,1,1,0,0,0,1,outbound,0,0
8.99409,58087,8080,TCP,SYN,3,134,44.66666666666666,1.8856180831641267,42,46,0.0,0.0,0.0,4.497044999850914,2.9954439997673035,5.998645999934524,44.66666666666666,0.3335523660537086,14.898672350398984,0,1,1,0,0,0,1,outbound,0,0
9.001544,55798,8080,TCP,SYN,3,134,44.66666666666666,1.8856180831641267,42,46,0.0,0.0,0.0,4.500771999999415,3.0028719999827445,5.998672000016086,44.66666666666666,0.3332761579569016,14.88633505540827,0,1,1,0,0,0,1,outbound,0,0
8.997366,61586,8080,TCP,SYN,3,134,44.66666666666666,1.8856180831641267,42,46,0.0,0.0,0.0,4.49868299998343,2.999272999993991,5.998092999972869,44.66666666666666,0.3334309174485066,14.893247646033297,0,1,1,0,0,0,1,outbound,0,0
1e-06,8080,52598,DATA-TEXT-LINES,"PSH,ACK",1,352,352.0,0.0,352,352,3.501889042560004,3.501889042560004,3.501889042560004,0.0,0.0,0.0,352.0,1000000.0,352000000.0,0,2,0,1,0,0,0,outbound,1,1
9.002403,60256,8080,TCP,SYN,3,134,44.66666666666666,1.8856180831641267,42,46,0.0,0.0,0.0,4.501201499995659,3.0029539999959525,5.999448999995366,44.66666666666666,0.3332443570899903,14.884914616686236,0,1,1,0,0,0,1,outbound,0,0
8.998803,54063,8080,TCP,SYN,3,134,44.66666666666666,1.8856180831641267,42,46,0.0,0.0,0.0,4.499401500004751,2.9999990000069374,5.998804000002565,44.66666666666666,0.3333776725637843,14.8908693745157,0,1,1,0,0,0,1,outbound,0,0
1e-06,55718,8080,TCP,SYN,1,46,46.0,0.0,46,46,0.0,0.0,0.0,0.0,0.0,0.0,46.0,1000000.0,46000000.0,0,1,1,0,0,0,1,outbound,1,1
